[INFO] ================ Starting Automation Pipeline Execution Lifecycle RCA_19_3 ================
[INFO] ================ PHASE 0: JIRA INTEGRATION ================
[INFO] Fetching issue HAP-1500 from https://aavaqe.atlassian.net...
[INFO] Successfully fetched combined summary+description for HAP-1500 (406 chars).
[INFO] Dynamically populated QUERY from Jira HAP-1500 : Creating an article with an excessively long title causes the backend to crash and return a 500 error instead of a graceful validation message

Creating an article with a very long title causes a 500 Internal Server Error backend crash. The frontend form lacks character limit validation on the title input, and the backend API fails to catch the database length validation error gracefully to return a 422
[INFO] ================ PHASE 1: GLOBAL TOPOLOGY GENERATION ================
[INFO] --- [PHASE 1] Processing Repository: react-redux-realworld-example-app (Branch: master) ---
[INFO] Phase 1 - Step 1 [react-redux-realworld-example-app]: Fetching supported languages for repository SCpradhan/react-redux-realworld-example-app...
[INFO] [react-redux-realworld-example-app] Detected languages from GitHub: ['JavaScript', 'HTML']
[INFO] Phase 1 - Step 2 [react-redux-realworld-example-app]: Mapping language signatures to standard target extensions...
[INFO] [react-redux-realworld-example-app] Matched language [JavaScript] -> Registered extensions: ['.js', '.jsx', '.mjs', '.cjs']
[WARNING] [react-redux-realworld-example-app] Language [HTML] not present in standard target table. Discarding.
[INFO] [react-redux-realworld-example-app] Final targeting extension whitelist: ['.yaml', '.htm', '.gql', '.yml', '.css', '.sass', '.jsx', '.prisma', '.scss', '.xml', '.js', '.json', '.vue', '.graphql', '.tsx', '.html', '.svelte', '.sql', '.cjs', '.less', '.mjs', '.astro']
[INFO] [react-redux-realworld-example-app] Optimizing context pull: Downloading full repository zip archive...
[INFO] --- Phase 1 - Step 3 [react-redux-realworld-example-app]: Generating Language-Aware Intra-Repo Dependency Tree (Whitelisted Extensions Only) ---
[INFO]   [Whitelisted File Context] package.json ──► Links: ['src/agent.js']
[INFO]   [Whitelisted File Context] src/agent.js ──► Links: ['src/components/Article/Comment.js', 'src/components/Register.js', 'src/reducers/profile.js', 'src/reducers/article.js', 'src/components/Profile.js', 'src/components/Login.js']
[INFO]   [Whitelisted File Context] src/components/App.js ──► Links: ['src/components/ProfileFavorites.js', 'src/store.js', './Header', 'src/reducers/common.js', 'src/agent.js', '../components/Login', 'src/components/Settings.js', '../components/Profile', 'src/components/Editor.js', 'src/components/Register.js', '../components/Editor', 'src/reducers/editor.js', 'src/reducers/settings.js', '../components/Settings', '../components/Home', 'src/reducers/profile.js', '../store', '../components/Article', '../constants/actionTypes', 'src/components/Header.js', '../components/ProfileFavorites', '../agent', 'src/reducers/article.js', 'src/components/Profile.js', '../components/Register', 'src/components/Login.js', 'src/constants/actionTypes.js']
[INFO]   [Whitelisted File Context] src/components/Article/ArticleActions.js ──► Links: ['../../agent', 'src/components/Editor.js', '../../constants/actionTypes', 'src/reducers/article.js', 'src/agent.js', 'src/reducers/editor.js', 'src/constants/actionTypes.js']
[INFO]   [Whitelisted File Context] src/components/Article/ArticleMeta.js ──► Links: ['./ArticleActions', 'src/components/Article/ArticleActions.js', 'src/reducers/article.js']
[INFO]   [Whitelisted File Context] src/components/Article/Comment.js ──► Links: ['src/components/Article/DeleteButton.js', './DeleteButton']
[INFO]   [Whitelisted File Context] src/components/Article/CommentContainer.js ──► Links: ['src/components/Article/CommentInput.js', 'src/components/Article/Comment.js', './CommentList', 'src/components/Register.js', 'src/reducers/article.js', './CommentInput', 'src/components/Article/CommentList.js', 'src/components/Login.js']
[INFO]   [Whitelisted File Context] src/components/Article/CommentInput.js ──► Links: ['../../agent', 'src/components/Article/Comment.js', '../../constants/actionTypes', 'src/agent.js', 'src/constants/actionTypes.js']
[INFO]   [Whitelisted File Context] src/components/Article/CommentList.js ──► Links: ['src/components/Article/Comment.js', './Comment']
[INFO]   [Whitelisted File Context] src/components/Article/DeleteButton.js ──► Links: ['../../agent', 'src/components/Article/Comment.js', '../../constants/actionTypes', 'src/agent.js', 'src/constants/actionTypes.js']
[INFO]   [Whitelisted File Context] src/components/Article/index.js ──► Links: ['../../agent', './ArticleMeta', 'src/components/Article/Comment.js', './CommentContainer', 'src/components/Article/CommentContainer.js', '../../constants/actionTypes', 'src/reducers/article.js', 'src/reducers/common.js', 'src/agent.js', 'src/components/Article/ArticleMeta.js', 'src/constants/actionTypes.js', 'src/components/Home/Banner.js']
[INFO]   [Whitelisted File Context] src/components/ArticleList.js ──► Links: ['src/components/ListPagination.js', 'src/components/ArticlePreview.js', './ListPagination', 'src/reducers/articleList.js', './ArticlePreview', 'src/reducers/article.js']
[INFO]   [Whitelisted File Context] src/components/ArticlePreview.js ──► Links: ['../agent', 'src/reducers/article.js', 'src/agent.js', '../constants/actionTypes', 'src/constants/actionTypes.js']
[INFO]   [Whitelisted File Context] src/components/Editor.js ──► Links: ['../agent', './ListErrors', 'src/components/ListErrors.js', 'src/reducers/article.js', 'src/agent.js', '../constants/actionTypes', 'src/reducers/editor.js', 'src/constants/actionTypes.js']
[INFO]   [Whitelisted File Context] src/components/Header.js ──► Links: ['src/reducers/editor.js', 'src/reducers/settings.js', 'src/components/Editor.js', 'src/components/Register.js', 'src/components/Settings.js', 'src/components/Login.js']
[INFO]   [Whitelisted File Context] src/components/Home/MainView.js ──► Links: ['../../agent', '../ArticleList', 'src/components/ArticleList.js', 'src/reducers/articleList.js', '../../constants/actionTypes', 'src/reducers/article.js', 'src/reducers/common.js', 'src/agent.js', 'src/constants/actionTypes.js']
[INFO]   [Whitelisted File Context] src/components/Home/Tags.js ──► Links: ['src/agent.js', '../../agent', 'src/reducers/article.js']
[INFO]   [Whitelisted File Context] src/components/Home/index.js ──► Links: ['../../agent', './Banner', './MainView', '../../constants/actionTypes', './Tags', 'src/reducers/article.js', 'src/reducers/common.js', 'src/components/Home/MainView.js', 'src/agent.js', 'src/constants/actionTypes.js', 'src/components/Home/Banner.js']
[INFO]   [Whitelisted File Context] src/components/ListPagination.js ──► Links: ['../agent', '../constants/actionTypes', 'src/reducers/article.js', 'src/agent.js', 'src/constants/actionTypes.js']
[INFO]   [Whitelisted File Context] src/components/Login.js ──► Links: ['../agent', './ListErrors', 'src/components/Register.js', 'src/components/ListErrors.js', 'src/agent.js', '../constants/actionTypes', 'src/constants/actionTypes.js']
[INFO]   [Whitelisted File Context] src/components/Profile.js ──► Links: ['src/reducers/settings.js', './ArticleList', 'src/components/ArticleList.js', '../agent', 'src/reducers/articleList.js', 'src/reducers/profile.js', 'src/reducers/article.js', 'src/agent.js', 'src/reducers/common.js', '../constants/actionTypes', 'src/components/Settings.js', 'src/constants/actionTypes.js']
[INFO]   [Whitelisted File Context] src/components/ProfileFavorites.js ──► Links: ['../agent', 'src/reducers/profile.js', 'src/reducers/article.js', 'src/agent.js', 'src/components/Profile.js', '../constants/actionTypes', './Profile', 'src/constants/actionTypes.js']
[INFO]   [Whitelisted File Context] src/components/Register.js ──► Links: ['../agent', './ListErrors', 'src/components/ListErrors.js', 'src/agent.js', '../constants/actionTypes', 'src/components/Login.js', 'src/constants/actionTypes.js']
[INFO]   [Whitelisted File Context] src/components/Settings.js ──► Links: ['src/reducers/settings.js', '../agent', './ListErrors', 'src/components/ListErrors.js', 'src/reducers/profile.js', 'src/agent.js', 'src/components/Profile.js', 'src/reducers/common.js', '../constants/actionTypes', 'src/constants/actionTypes.js']
[INFO]   [Whitelisted File Context] src/constants/actionTypes.js ──► Links: ['src/reducers/editor.js', 'src/reducers/settings.js', 'src/components/Editor.js', 'src/components/Article/Comment.js', 'src/components/Register.js', 'src/reducers/profile.js', 'src/reducers/article.js', 'src/components/Profile.js', 'src/components/Settings.js', 'src/components/Login.js']
[INFO]   [Whitelisted File Context] src/index.js ──► Links: ['./store', 'src/store.js', './components/App']
[INFO]   [Whitelisted File Context] src/middleware.js ──► Links: ['src/store.js', 'src/components/Register.js', 'src/constants/actionTypes.js', 'src/agent.js', './agent', './constants/actionTypes', 'src/components/Login.js']
[INFO]   [Whitelisted File Context] src/reducer.js ──► Links: ['./reducers/profile', 'src/reducers/common.js', 'src/components/Settings.js', './reducers/article', './reducers/common', 'src/components/Editor.js', 'src/reducers/articleList.js', 'src/reducers/editor.js', 'src/reducers/settings.js', 'src/reducers/profile.js', './reducers/auth', './reducers/home', 'src/components/ArticleList.js', './reducers/editor', './reducers/articleList', 'src/reducers/article.js', 'src/components/Profile.js', './reducers/settings']
[INFO]   [Whitelisted File Context] src/reducers/article.js ──► Links: ['src/components/Article/Comment.js', '../constants/actionTypes', 'src/constants/actionTypes.js']
[INFO]   [Whitelisted File Context] src/reducers/articleList.js ──► Links: ['src/reducers/profile.js', 'src/reducers/article.js', 'src/components/Profile.js', '../constants/actionTypes', 'src/constants/actionTypes.js']
[INFO]   [Whitelisted File Context] src/reducers/auth.js ──► Links: ['../constants/actionTypes', 'src/constants/actionTypes.js', 'src/components/Login.js', 'src/components/Register.js']
[INFO]   [Whitelisted File Context] src/reducers/common.js ──► Links: ['src/reducers/editor.js', 'src/reducers/settings.js', 'src/components/Editor.js', 'src/components/Register.js', 'src/reducers/profile.js', 'src/reducers/article.js', 'src/components/Profile.js', '../constants/actionTypes', 'src/components/Settings.js', 'src/components/Login.js', 'src/constants/actionTypes.js']
[INFO]   [Whitelisted File Context] src/reducers/editor.js ──► Links: ['../constants/actionTypes', 'src/reducers/article.js', 'src/constants/actionTypes.js', 'src/components/Editor.js']
[INFO]   [Whitelisted File Context] src/reducers/home.js ──► Links: ['../constants/actionTypes', 'src/constants/actionTypes.js']
[INFO]   [Whitelisted File Context] src/reducers/profile.js ──► Links: ['../constants/actionTypes', 'src/constants/actionTypes.js', 'src/components/Profile.js']
[INFO]   [Whitelisted File Context] src/reducers/settings.js ──► Links: ['../constants/actionTypes', 'src/components/Settings.js', 'src/constants/actionTypes.js']
[INFO]   [Whitelisted File Context] src/store.js ──► Links: ['src/middleware.js', './middleware', 'history/createBrowserHistory', 'src/reducer.js', 'redux-devtools-extension/developmentOnly', './reducer']
[INFO] SUCCESS: Exported Whitelisted Intra-Repo dependency map to: C:\Users\komal.jayadeva\Downloads\code gen\rca\v21_opt2\intra_repo_dep_tree_react-redux-realworld-example-app.json
[INFO] --- [PHASE 1] Processing Repository: node-express-realworld-example-app (Branch: master) ---
[INFO] Phase 1 - Step 1 [node-express-realworld-example-app]: Fetching supported languages for repository SCpradhan/node-express-realworld-example-app...
[INFO] [node-express-realworld-example-app] Detected languages from GitHub: ['TypeScript', 'Dockerfile', 'JavaScript']
[INFO] Phase 1 - Step 2 [node-express-realworld-example-app]: Mapping language signatures to standard target extensions...
[INFO] [node-express-realworld-example-app] Matched language [TypeScript] -> Registered extensions: ['.ts', '.tsx']
[WARNING] [node-express-realworld-example-app] Language [Dockerfile] not present in standard target table. Discarding.
[INFO] [node-express-realworld-example-app] Matched language [JavaScript] -> Registered extensions: ['.js', '.jsx', '.mjs', '.cjs']
[INFO] [node-express-realworld-example-app] Final targeting extension whitelist: ['.ts', '.yaml', '.htm', '.gql', '.yml', '.css', '.sass', '.jsx', '.prisma', '.scss', '.xml', '.js', '.json', '.vue', '.graphql', '.tsx', '.html', '.svelte', '.sql', '.cjs', '.less', '.mjs', '.astro']
[INFO] [node-express-realworld-example-app] Optimizing context pull: Downloading full repository zip archive...
[INFO] --- Phase 1 - Step 3 [node-express-realworld-example-app]: Generating Language-Aware Intra-Repo Dependency Tree (Whitelisted Extensions Only) ---
[INFO]   [Whitelisted File Context] e2e/jest.config.ts ──► Links: ['e2e/tsconfig.json', 'e2e/src/support/global-teardown.ts', 'e2e/src/support/global-setup.ts', 'e2e/src/support/test-setup.ts', 'e2e/tsconfig.spec.json', '.vscode/extensions.json']
[INFO]   [Whitelisted File Context] e2e/project.json ──► Links: ['src/prisma/schema.prisma']
[INFO]   [Whitelisted File Context] e2e/tsconfig.json ──► Links: ['e2e/tsconfig.spec.json']
[INFO]   [Whitelisted File Context] e2e/tsconfig.spec.json ──► Links: ['e2e/tsconfig.json']
[INFO]   [Whitelisted File Context] jest.config.ts ──► Links: ['e2e/tsconfig.json', 'e2e/tsconfig.spec.json', '.vscode/extensions.json']
[INFO]   [Whitelisted File Context] nx.json ──► Links: ['e2e/tsconfig.json', 'src/prisma/schema.prisma', 'e2e/src/support/test-setup.ts', 'e2e/tsconfig.spec.json', 'e2e/project.json']
[INFO]   [Whitelisted File Context] package-lock.json ──► Links: ['e2e/tsconfig.json', 'src/prisma/schema.prisma', 'e2e/src/server/server.spec.ts', 'src/app/routes/article/comment.model.ts', 'e2e/tsconfig.spec.json', 'src/app/routes/auth/token.utils.ts', 'e2e/project.json']
[INFO]   [Whitelisted File Context] package.json ──► Links: ['src/app/routes/auth/token.utils.ts', 'src/prisma/schema.prisma']
[INFO]   [Whitelisted File Context] project.json ──► Links: ['e2e/tsconfig.json', 'src/prisma/schema.prisma', 'e2e/tsconfig.spec.json', 'e2e/project.json']
[INFO]   [Whitelisted File Context] src/app/routes/article/article.controller.ts ──► Links: ['src/app/routes/article/article.model.ts', 'src/app/routes/article/article.service.ts', 'src/app/routes/article/article.mapper.ts', 'src/app/routes/article/comment.model.ts', 'src/tests/services/article.service.test.ts', '../auth/auth', 'src/app/routes/article/author.mapper.ts', './article.service']
[INFO]   [Whitelisted File Context] src/app/routes/article/article.mapper.ts ──► Links: ['src/app/routes/article/article.model.ts', 'src/app/routes/article/article.service.ts', 'src/tests/services/article.service.test.ts', 'src/app/routes/article/article.controller.ts', 'src/app/routes/article/author.mapper.ts', './author.mapper']
[INFO]   [Whitelisted File Context] src/app/routes/article/article.model.ts ──► Links: ['src/app/routes/article/article.service.ts', 'src/app/routes/article/comment.model.ts', 'src/app/routes/article/article.mapper.ts', 'src/tests/services/article.service.test.ts', 'src/app/routes/article/article.controller.ts', './comment.model']
[INFO]   [Whitelisted File Context] src/app/routes/article/article.service.ts ──► Links: ['src/app/routes/profile/profile.model.ts', '../../../prisma/prisma-client', 'src/tests/utils/profile.utils.test.ts', '../tag/tag.model', 'src/prisma/prisma-client.ts', './article.mapper', 'src/app/routes/article/article.controller.ts', '../profile/profile.utils', 'src/app/routes/profile/profile.service.ts', 'src/app/routes/article/article.mapper.ts', 'src/tests/services/article.service.test.ts', 'src/app/routes/article/author.mapper.ts', 'src/app/routes/article/comment.model.ts', 'src/app/routes/profile/profile.controller.ts', 'src/app/routes/profile/profile.utils.ts', '../../models/http-exception.model', 'src/app/models/http-exception.model.ts', 'src/app/routes/article/article.model.ts', 'src/tests/services/profile.service.test.ts']
[INFO]   [Whitelisted File Context] src/app/routes/article/author.mapper.ts ──► Links: ['../auth/user.model']
[INFO]   [Whitelisted File Context] src/app/routes/article/comment.model.ts ──► Links: ['src/app/routes/article/article.model.ts', 'src/app/routes/article/article.service.ts', 'src/app/routes/article/article.mapper.ts', 'src/tests/services/article.service.test.ts', './article.model', 'src/app/routes/article/article.controller.ts']
[INFO]   [Whitelisted File Context] src/app/routes/auth/auth.controller.ts ──► Links: ['./auth.service', './auth']
[INFO]   [Whitelisted File Context] src/app/routes/auth/auth.service.ts ──► Links: ['./register-input.model', './registered-user.model', '../../../prisma/prisma-client', 'src/app/routes/auth/register-input.model.ts', './user.model', 'src/prisma/prisma-client.ts', 'src/app/routes/auth/registered-user.model.ts', '../../models/http-exception.model', 'src/app/models/http-exception.model.ts', './token.utils', 'src/app/routes/auth/token.utils.ts']
[INFO]   [Whitelisted File Context] src/app/routes/auth/auth.ts ──► Links: ['src/app/routes/auth/token.utils.ts', 'src/app/routes/article/author.mapper.ts']
[INFO]   [Whitelisted File Context] src/app/routes/auth/registered-user.model.ts ──► Links: ['src/app/routes/auth/token.utils.ts']
[INFO]   [Whitelisted File Context] src/app/routes/auth/user.model.ts ──► Links: ['src/app/routes/article/article.model.ts', 'src/app/routes/article/article.service.ts', 'src/app/routes/article/article.mapper.ts', 'src/app/routes/article/comment.model.ts', 'src/tests/services/article.service.test.ts', '../article/comment.model', 'src/app/routes/article/article.controller.ts', '../article/article.model']
[INFO]   [Whitelisted File Context] src/app/routes/profile/profile.controller.ts ──► Links: ['src/app/routes/profile/profile.model.ts', 'src/app/routes/profile/profile.service.ts', 'src/tests/utils/profile.utils.test.ts', 'src/app/routes/profile/profile.utils.ts', '../auth/auth', 'src/tests/services/profile.service.test.ts', './profile.service']
[INFO]   [Whitelisted File Context] src/app/routes/profile/profile.model.ts ──► Links: ['src/app/routes/profile/profile.service.ts', 'src/tests/utils/profile.utils.test.ts', 'src/app/routes/profile/profile.controller.ts', 'src/app/routes/profile/profile.utils.ts', 'src/tests/services/profile.service.test.ts']
[INFO]   [Whitelisted File Context] src/app/routes/profile/profile.service.ts ──► Links: ['src/app/routes/profile/profile.model.ts', '../../../prisma/prisma-client', 'src/tests/utils/profile.utils.test.ts', 'src/prisma/prisma-client.ts', 'src/app/routes/profile/profile.controller.ts', './profile.utils', 'src/app/routes/profile/profile.utils.ts', '../../models/http-exception.model', 'src/tests/services/profile.service.test.ts', 'src/app/models/http-exception.model.ts']
[INFO]   [Whitelisted File Context] src/app/routes/profile/profile.utils.ts ──► Links: ['src/app/routes/profile/profile.model.ts', 'src/app/routes/profile/profile.service.ts', 'src/tests/utils/profile.utils.test.ts', 'src/app/routes/profile/profile.controller.ts', './profile.model', '../auth/user.model', 'src/tests/services/profile.service.test.ts']
[INFO]   [Whitelisted File Context] src/app/routes/routes.ts ──► Links: ['src/app/routes/article/article.model.ts', './auth/auth.controller', 'src/app/routes/profile/profile.model.ts', './profile/profile.controller', 'src/app/routes/article/article.service.ts', 'src/app/routes/profile/profile.service.ts', 'src/tests/utils/profile.utils.test.ts', 'src/app/routes/article/article.mapper.ts', 'src/app/routes/profile/profile.controller.ts', 'src/tests/services/article.service.test.ts', 'src/app/routes/profile/profile.utils.ts', 'src/tests/services/profile.service.test.ts', './tag/tag.controller', 'src/app/routes/article/article.controller.ts', './article/article.controller']
[INFO]   [Whitelisted File Context] src/app/routes/tag/tag.controller.ts ──► Links: ['../auth/auth', './tag.service']
[INFO]   [Whitelisted File Context] src/app/routes/tag/tag.service.ts ──► Links: ['src/app/routes/article/article.model.ts', './tag.model', '../../../prisma/prisma-client', 'src/app/routes/article/article.service.ts', 'src/prisma/prisma-client.ts', 'src/app/routes/article/article.mapper.ts', 'src/tests/services/article.service.test.ts', 'src/app/routes/article/article.controller.ts', 'src/app/routes/article/author.mapper.ts']
[INFO]   [Whitelisted File Context] src/main.ts ──► Links: ['./app/models/http-exception.model', 'e2e/src/server/server.spec.ts', 'src/app/routes/article/author.mapper.ts', 'src/app/routes/routes.ts', 'src/app/models/http-exception.model.ts', './app/routes/routes']
[INFO]   [Whitelisted File Context] src/prisma/migrations/20210924225358_initial/migration.sql ──► Links: ['src/app/routes/article/article.model.ts', 'src/app/routes/article/article.service.ts', 'src/app/routes/article/article.mapper.ts', 'src/app/routes/article/comment.model.ts', 'src/tests/services/article.service.test.ts', 'src/app/routes/article/article.controller.ts', 'src/app/routes/article/author.mapper.ts']
[INFO]   [Whitelisted File Context] src/prisma/migrations/20211001143221_implicit_tags/migration.sql ──► Links: ['src/app/routes/article/article.model.ts', 'src/app/routes/article/article.service.ts', 'src/app/routes/article/article.mapper.ts', 'src/tests/services/article.service.test.ts', 'src/app/routes/article/article.controller.ts']
[INFO]   [Whitelisted File Context] src/prisma/migrations/20211221184529_deprecated_preview/migration.sql ──► Links: ['src/app/routes/article/article.model.ts', 'src/app/routes/article/article.service.ts', 'src/app/routes/article/article.mapper.ts', 'src/tests/services/article.service.test.ts', 'src/app/routes/article/article.controller.ts']
[INFO]   [Whitelisted File Context] src/prisma/prisma-client.ts ──► Links: ['@prisma/client']
[INFO]   [Whitelisted File Context] src/prisma/schema.prisma ──► Links: ['src/app/routes/article/article.model.ts', 'src/app/routes/article/article.service.ts', 'src/prisma/prisma-client.ts', 'src/app/routes/article/article.mapper.ts', 'src/app/routes/article/comment.model.ts', 'src/tests/services/article.service.test.ts', 'src/app/routes/article/article.controller.ts', 'src/app/routes/article/author.mapper.ts']
[INFO]   [Whitelisted File Context] src/prisma/seed.ts ──► Links: ['src/app/routes/article/article.model.ts', 'src/app/routes/article/article.service.ts', 'src/app/routes/article/article.mapper.ts', 'src/app/routes/article/comment.model.ts', '@prisma/client', 'src/tests/services/article.service.test.ts', 'src/app/routes/routes.ts', '../app/routes/auth/auth.service', '../app/routes/article/article.service', 'src/app/routes/article/article.controller.ts', '@ngneat/falso', 'src/app/routes/auth/registered-user.model.ts', '../app/routes/auth/registered-user.model']
[INFO]   [Whitelisted File Context] src/tests/prisma-mock.ts ──► Links: ['src/prisma/prisma-client.ts', '../prisma/prisma-client', '@prisma/client']
[INFO]   [Whitelisted File Context] src/tests/services/article.service.test.ts ──► Links: ['src/app/routes/article/article.model.ts', 'src/app/routes/article/article.service.ts', 'src/app/routes/article/article.mapper.ts', 'src/app/routes/article/comment.model.ts', 'src/app/routes/routes.ts', 'src/tests/prisma-mock.ts', 'src/app/routes/article/article.controller.ts', '../prisma-mock', 'src/app/routes/auth/token.utils.ts', 'src/app/routes/article/author.mapper.ts', '../../app/routes/article/article.service']
[INFO]   [Whitelisted File Context] src/tests/services/auth.service.test.ts ──► Links: ['src/app/routes/routes.ts', '../../app/routes/auth/auth.service', 'src/tests/prisma-mock.ts', '../prisma-mock', 'src/app/routes/auth/token.utils.ts']
[INFO]   [Whitelisted File Context] src/tests/services/profile.service.test.ts ──► Links: ['src/app/routes/profile/profile.model.ts', 'src/app/routes/profile/profile.service.ts', 'src/tests/utils/profile.utils.test.ts', '../../app/routes/profile/profile.service', 'src/app/routes/profile/profile.controller.ts', 'src/app/routes/profile/profile.utils.ts', 'src/app/routes/routes.ts', 'src/tests/prisma-mock.ts', '../prisma-mock', 'src/app/routes/auth/token.utils.ts']
[INFO]   [Whitelisted File Context] src/tests/utils/profile.utils.test.ts ──► Links: ['../../app/routes/profile/profile.utils', 'src/app/routes/profile/profile.model.ts', 'src/app/routes/profile/profile.service.ts', 'src/app/routes/profile/profile.controller.ts', 'src/app/routes/profile/profile.utils.ts', 'src/app/routes/routes.ts', 'src/tests/services/profile.service.test.ts']
[INFO]   [Whitelisted File Context] tsconfig.app.json ──► Links: ['e2e/tsconfig.spec.json', 'e2e/tsconfig.json']
[INFO]   [Whitelisted File Context] tsconfig.json ──► Links: ['e2e/tsconfig.spec.json', 'e2e/tsconfig.json']
[INFO]   [Whitelisted File Context] tsconfig.spec.json ──► Links: ['e2e/tsconfig.spec.json', 'e2e/tsconfig.json']
[INFO] SUCCESS: Exported Whitelisted Intra-Repo dependency map to: C:\Users\komal.jayadeva\Downloads\code gen\rca\v21_opt2\intra_repo_dep_tree_node-express-realworld-example-app.json
[INFO] 
---Phase 1 - Step 4 ====== Generating Global Cross-Repo Dependency Tree ================
[INFO] [Repository Axis] react-redux-realworld-example-app ──► References Workspace Targets: []
[INFO] [Repository Axis] node-express-realworld-example-app ──► References Workspace Targets: []
[INFO] SUCCESS: Exported Inter-Repo topology tracking map to: C:\Users\komal.jayadeva\Downloads\code gen\rca\v21_opt2\inter_repo_dep_tree.json
[INFO] ================ PHASE 2: SEARCH, EXPAND & EXTRACT ================
[INFO] --- [PHASE 2] Processing Repository: react-redux-realworld-example-app (Branch: master) ---
[INFO] Phase 2 - Step 1 [react-redux-realworld-example-app]: Sending request to AAVA Search Endpoint (Attempt 1/3)...
[INFO] [react-redux-realworld-example-app] Successfully retrieved structural payload with 44 records from search.
[INFO] Phase 2 - Step 2 [react-redux-realworld-example-app]: Evaluating structural records against similarity boundaries (>= 0.01)...
[INFO] [react-redux-realworld-example-app] Accepted path [Similarity: 10.0271]: src/components/Article/index.js
[INFO] [react-redux-realworld-example-app] Accepted path [Similarity: 10.0201]: src/components/ListErrors.js
[INFO] [react-redux-realworld-example-app] Accepted path [Similarity: 10.0120]: src/components/ArticleList.js
[INFO] [react-redux-realworld-example-app] Accepted path [Similarity: 10.0020]: src/reducers/editor.js
[INFO] [react-redux-realworld-example-app] Accepted path [Similarity: 0.0299]: src/components/Home/MainView.js
[INFO] [react-redux-realworld-example-app] Accepted path [Similarity: 0.0297]: src/reducers/article.js
[INFO] [react-redux-realworld-example-app] Accepted path [Similarity: 0.0273]: src/middleware.js
[INFO] [react-redux-realworld-example-app] Accepted path [Similarity: 0.0272]: src/components/ArticlePreview.js
[INFO] [react-redux-realworld-example-app] Accepted path [Similarity: 0.0271]: src/components/Article/ArticleMeta.js
[INFO] [react-redux-realworld-example-app] Accepted path [Similarity: 0.0269]: src/reducers/settings.js
[INFO] [react-redux-realworld-example-app] Accepted path [Similarity: 0.0268]: src/components/Home/Tags.js
[INFO] [react-redux-realworld-example-app] Accepted path [Similarity: 0.0260]: src/components/Article/ArticleActions.js
[INFO] [react-redux-realworld-example-app] Accepted path [Similarity: 0.0260]: src/reducers/common.js
[INFO] [react-redux-realworld-example-app] Accepted path [Similarity: 0.0257]: src/reducers/articleList.js
[INFO] [react-redux-realworld-example-app] Accepted path [Similarity: 0.0255]: src/components/ListPagination.js
[INFO] [react-redux-realworld-example-app] Accepted path [Similarity: 0.0241]: src/reducers/auth.js
[INFO] [react-redux-realworld-example-app] Accepted path [Similarity: 0.0240]: src/components/Editor.js
[INFO] [react-redux-realworld-example-app] Accepted path [Similarity: 0.0239]: src/components/Profile.js
[INFO] [react-redux-realworld-example-app] Accepted path [Similarity: 0.0236]: src/reducer.js
[INFO] [react-redux-realworld-example-app] Accepted path [Similarity: 0.0232]: src/components/Article/CommentContainer.js
[INFO] [react-redux-realworld-example-app] Extracted 20 completely unique candidate filepath locations.
[INFO] Phase 2 - Step 3 [react-redux-realworld-example-app]: Filtering paths matching targeting extension whitelist...
[INFO] [react-redux-realworld-example-app] Retained path allocation target matching runtime criteria: [src/components/Article/index.js]
[INFO] [react-redux-realworld-example-app] Retained path allocation target matching runtime criteria: [src/components/ListErrors.js]
[INFO] [react-redux-realworld-example-app] Retained path allocation target matching runtime criteria: [src/components/ArticleList.js]
[INFO] [react-redux-realworld-example-app] Retained path allocation target matching runtime criteria: [src/reducers/editor.js]
[INFO] [react-redux-realworld-example-app] Retained path allocation target matching runtime criteria: [src/components/Home/MainView.js]
[INFO] [react-redux-realworld-example-app] Retained path allocation target matching runtime criteria: [src/reducers/article.js]
[INFO] [react-redux-realworld-example-app] Retained path allocation target matching runtime criteria: [src/middleware.js]
[INFO] [react-redux-realworld-example-app] Retained path allocation target matching runtime criteria: [src/components/ArticlePreview.js]
[INFO] [react-redux-realworld-example-app] Retained path allocation target matching runtime criteria: [src/components/Article/ArticleMeta.js]
[INFO] [react-redux-realworld-example-app] Retained path allocation target matching runtime criteria: [src/reducers/settings.js]
[INFO] [react-redux-realworld-example-app] Retained path allocation target matching runtime criteria: [src/components/Home/Tags.js]
[INFO] [react-redux-realworld-example-app] Retained path allocation target matching runtime criteria: [src/components/Article/ArticleActions.js]
[INFO] [react-redux-realworld-example-app] Retained path allocation target matching runtime criteria: [src/reducers/common.js]
[INFO] [react-redux-realworld-example-app] Retained path allocation target matching runtime criteria: [src/reducers/articleList.js]
[INFO] [react-redux-realworld-example-app] Retained path allocation target matching runtime criteria: [src/components/ListPagination.js]
[INFO] [react-redux-realworld-example-app] Retained path allocation target matching runtime criteria: [src/reducers/auth.js]
[INFO] [react-redux-realworld-example-app] Retained path allocation target matching runtime criteria: [src/components/Editor.js]
[INFO] [react-redux-realworld-example-app] Retained path allocation target matching runtime criteria: [src/components/Profile.js]
[INFO] [react-redux-realworld-example-app] Retained path allocation target matching runtime criteria: [src/reducer.js]
[INFO] [react-redux-realworld-example-app] Retained path allocation target matching runtime criteria: [src/components/Article/CommentContainer.js]
[INFO] Phase 2 - Step 3 Completed [react-redux-realworld-example-app]: Consolidated 20 paths for source code payload downstream consumption.
[INFO] --- Phase 2 - Step 4 [Expansion]: Looking up dependencies for 'react-redux-realworld-example-app' ---
[INFO] [react-redux-realworld-example-app] Expanding [src/components/Article/index.js] with 12 intra-repo dependencies.
[INFO] [react-redux-realworld-example-app] Expanding [src/components/ArticleList.js] with 6 intra-repo dependencies.
[INFO] [react-redux-realworld-example-app] Expanding [src/reducers/editor.js] with 4 intra-repo dependencies.
[INFO] [react-redux-realworld-example-app] Expanding [src/components/Home/MainView.js] with 9 intra-repo dependencies.
[INFO] [react-redux-realworld-example-app] Expanding [src/reducers/article.js] with 3 intra-repo dependencies.
[INFO] [react-redux-realworld-example-app] Expanding [src/middleware.js] with 7 intra-repo dependencies.
[INFO] [react-redux-realworld-example-app] Expanding [src/components/ArticlePreview.js] with 5 intra-repo dependencies.
[INFO] [react-redux-realworld-example-app] Expanding [src/components/Article/ArticleMeta.js] with 3 intra-repo dependencies.
[INFO] [react-redux-realworld-example-app] Expanding [src/reducers/settings.js] with 3 intra-repo dependencies.
[INFO] [react-redux-realworld-example-app] Expanding [src/components/Home/Tags.js] with 3 intra-repo dependencies.
[INFO] [react-redux-realworld-example-app] Expanding [src/components/Article/ArticleActions.js] with 7 intra-repo dependencies.
[INFO] [react-redux-realworld-example-app] Expanding [src/reducers/common.js] with 11 intra-repo dependencies.
[INFO] [react-redux-realworld-example-app] Expanding [src/reducers/articleList.js] with 5 intra-repo dependencies.
[INFO] [react-redux-realworld-example-app] Expanding [src/components/ListPagination.js] with 5 intra-repo dependencies.
[INFO] [react-redux-realworld-example-app] Expanding [src/reducers/auth.js] with 4 intra-repo dependencies.
[INFO] [react-redux-realworld-example-app] Expanding [src/components/Editor.js] with 8 intra-repo dependencies.
[INFO] [react-redux-realworld-example-app] Expanding [src/components/Profile.js] with 12 intra-repo dependencies.
[INFO] [react-redux-realworld-example-app] Expanding [src/reducer.js] with 18 intra-repo dependencies.
[INFO] [react-redux-realworld-example-app] Expanding [src/components/Article/CommentContainer.js] with 8 intra-repo dependencies.
[INFO] [react-redux-realworld-example-app] Final expanded file count to fetch: 55 (Original Search matches: 20)
[INFO] Phase 2 - Step 5 [react-redux-realworld-example-app]: Beginning local extraction of source file content payloads from memory zip cache...
[INFO] [react-redux-realworld-example-app] Extracting cached content payload context for artifact: [src/components/Article/index.js]
[INFO] [react-redux-realworld-example-app] Successfully tracked code profile mapping dictionary entry for artifact path: [src/components/Article/index.js]
[INFO] [react-redux-realworld-example-app] Extracting cached content payload context for artifact: [src/components/ListErrors.js]
[INFO] [react-redux-realworld-example-app] Successfully tracked code profile mapping dictionary entry for artifact path: [src/components/ListErrors.js]
[INFO] [react-redux-realworld-example-app] Extracting cached content payload context for artifact: [src/components/ArticleList.js]
[INFO] [react-redux-realworld-example-app] Successfully tracked code profile mapping dictionary entry for artifact path: [src/components/ArticleList.js]
[INFO] [react-redux-realworld-example-app] Extracting cached content payload context for artifact: [src/reducers/editor.js]
[INFO] [react-redux-realworld-example-app] Successfully tracked code profile mapping dictionary entry for artifact path: [src/reducers/editor.js]
[INFO] [react-redux-realworld-example-app] Extracting cached content payload context for artifact: [src/components/Home/MainView.js]
[INFO] [react-redux-realworld-example-app] Successfully tracked code profile mapping dictionary entry for artifact path: [src/components/Home/MainView.js]
[INFO] [react-redux-realworld-example-app] Extracting cached content payload context for artifact: [src/reducers/article.js]
[INFO] [react-redux-realworld-example-app] Successfully tracked code profile mapping dictionary entry for artifact path: [src/reducers/article.js]
[INFO] [react-redux-realworld-example-app] Extracting cached content payload context for artifact: [src/middleware.js]
[INFO] [react-redux-realworld-example-app] Successfully tracked code profile mapping dictionary entry for artifact path: [src/middleware.js]
[INFO] [react-redux-realworld-example-app] Extracting cached content payload context for artifact: [src/components/ArticlePreview.js]
[INFO] [react-redux-realworld-example-app] Successfully tracked code profile mapping dictionary entry for artifact path: [src/components/ArticlePreview.js]
[INFO] [react-redux-realworld-example-app] Extracting cached content payload context for artifact: [src/components/Article/ArticleMeta.js]
[INFO] [react-redux-realworld-example-app] Successfully tracked code profile mapping dictionary entry for artifact path: [src/components/Article/ArticleMeta.js]
[INFO] [react-redux-realworld-example-app] Extracting cached content payload context for artifact: [src/reducers/settings.js]
[INFO] [react-redux-realworld-example-app] Successfully tracked code profile mapping dictionary entry for artifact path: [src/reducers/settings.js]
[INFO] [react-redux-realworld-example-app] Extracting cached content payload context for artifact: [src/components/Home/Tags.js]
[INFO] [react-redux-realworld-example-app] Successfully tracked code profile mapping dictionary entry for artifact path: [src/components/Home/Tags.js]
[INFO] [react-redux-realworld-example-app] Extracting cached content payload context for artifact: [src/components/Article/ArticleActions.js]
[INFO] [react-redux-realworld-example-app] Successfully tracked code profile mapping dictionary entry for artifact path: [src/components/Article/ArticleActions.js]
[INFO] [react-redux-realworld-example-app] Extracting cached content payload context for artifact: [src/reducers/common.js]
[INFO] [react-redux-realworld-example-app] Successfully tracked code profile mapping dictionary entry for artifact path: [src/reducers/common.js]
[INFO] [react-redux-realworld-example-app] Extracting cached content payload context for artifact: [src/reducers/articleList.js]
[INFO] [react-redux-realworld-example-app] Successfully tracked code profile mapping dictionary entry for artifact path: [src/reducers/articleList.js]
[INFO] [react-redux-realworld-example-app] Extracting cached content payload context for artifact: [src/components/ListPagination.js]
[INFO] [react-redux-realworld-example-app] Successfully tracked code profile mapping dictionary entry for artifact path: [src/components/ListPagination.js]
[INFO] [react-redux-realworld-example-app] Extracting cached content payload context for artifact: [src/reducers/auth.js]
[INFO] [react-redux-realworld-example-app] Successfully tracked code profile mapping dictionary entry for artifact path: [src/reducers/auth.js]
[INFO] [react-redux-realworld-example-app] Extracting cached content payload context for artifact: [src/components/Editor.js]
[INFO] [react-redux-realworld-example-app] Successfully tracked code profile mapping dictionary entry for artifact path: [src/components/Editor.js]
[INFO] [react-redux-realworld-example-app] Extracting cached content payload context for artifact: [src/components/Profile.js]
[INFO] [react-redux-realworld-example-app] Successfully tracked code profile mapping dictionary entry for artifact path: [src/components/Profile.js]
[INFO] [react-redux-realworld-example-app] Extracting cached content payload context for artifact: [src/reducer.js]
[INFO] [react-redux-realworld-example-app] Successfully tracked code profile mapping dictionary entry for artifact path: [src/reducer.js]
[INFO] [react-redux-realworld-example-app] Extracting cached content payload context for artifact: [src/components/Article/CommentContainer.js]
[INFO] [react-redux-realworld-example-app] Successfully tracked code profile mapping dictionary entry for artifact path: [src/components/Article/CommentContainer.js]
[INFO] [react-redux-realworld-example-app] Extracting cached content payload context for artifact: [../../agent]
[ERROR] [react-redux-realworld-example-app] Failed to acquire local content stream for asset reference [../../agent]: File not found in zip.
[INFO] [react-redux-realworld-example-app] Extracting cached content payload context for artifact: [./ArticleMeta]
[ERROR] [react-redux-realworld-example-app] Failed to acquire local content stream for asset reference [./ArticleMeta]: File not found in zip.
[INFO] [react-redux-realworld-example-app] Extracting cached content payload context for artifact: [src/components/Article/Comment.js]
[INFO] [react-redux-realworld-example-app] Successfully tracked code profile mapping dictionary entry for artifact path: [src/components/Article/Comment.js]
[INFO] [react-redux-realworld-example-app] Extracting cached content payload context for artifact: [./CommentContainer]
[ERROR] [react-redux-realworld-example-app] Failed to acquire local content stream for asset reference [./CommentContainer]: File not found in zip.
[INFO] [react-redux-realworld-example-app] Extracting cached content payload context for artifact: [../../constants/actionTypes]
[ERROR] [react-redux-realworld-example-app] Failed to acquire local content stream for asset reference [../../constants/actionTypes]: File not found in zip.
[INFO] [react-redux-realworld-example-app] Extracting cached content payload context for artifact: [src/agent.js]
[INFO] [react-redux-realworld-example-app] Successfully tracked code profile mapping dictionary entry for artifact path: [src/agent.js]
[INFO] [react-redux-realworld-example-app] Extracting cached content payload context for artifact: [src/constants/actionTypes.js]
[INFO] [react-redux-realworld-example-app] Successfully tracked code profile mapping dictionary entry for artifact path: [src/constants/actionTypes.js]
[INFO] [react-redux-realworld-example-app] Extracting cached content payload context for artifact: [src/components/Home/Banner.js]
[INFO] [react-redux-realworld-example-app] Successfully tracked code profile mapping dictionary entry for artifact path: [src/components/Home/Banner.js]
[INFO] [react-redux-realworld-example-app] Extracting cached content payload context for artifact: [./ListPagination]
[ERROR] [react-redux-realworld-example-app] Failed to acquire local content stream for asset reference [./ListPagination]: File not found in zip.
[INFO] [react-redux-realworld-example-app] Extracting cached content payload context for artifact: [./ArticlePreview]
[ERROR] [react-redux-realworld-example-app] Failed to acquire local content stream for asset reference [./ArticlePreview]: File not found in zip.
[INFO] [react-redux-realworld-example-app] Extracting cached content payload context for artifact: [../constants/actionTypes]
[ERROR] [react-redux-realworld-example-app] Failed to acquire local content stream for asset reference [../constants/actionTypes]: File not found in zip.
[INFO] [react-redux-realworld-example-app] Extracting cached content payload context for artifact: [../ArticleList]
[ERROR] [react-redux-realworld-example-app] Failed to acquire local content stream for asset reference [../ArticleList]: File not found in zip.
[INFO] [react-redux-realworld-example-app] Extracting cached content payload context for artifact: [src/store.js]
[INFO] [react-redux-realworld-example-app] Successfully tracked code profile mapping dictionary entry for artifact path: [src/store.js]
[INFO] [react-redux-realworld-example-app] Extracting cached content payload context for artifact: [src/components/Register.js]
[INFO] [react-redux-realworld-example-app] Successfully tracked code profile mapping dictionary entry for artifact path: [src/components/Register.js]
[INFO] [react-redux-realworld-example-app] Extracting cached content payload context for artifact: [./agent]
[ERROR] [react-redux-realworld-example-app] Failed to acquire local content stream for asset reference [./agent]: File not found in zip.
[INFO] [react-redux-realworld-example-app] Extracting cached content payload context for artifact: [./constants/actionTypes]
[ERROR] [react-redux-realworld-example-app] Failed to acquire local content stream for asset reference [./constants/actionTypes]: File not found in zip.
[INFO] [react-redux-realworld-example-app] Extracting cached content payload context for artifact: [src/components/Login.js]
[INFO] [react-redux-realworld-example-app] Successfully tracked code profile mapping dictionary entry for artifact path: [src/components/Login.js]
[INFO] [react-redux-realworld-example-app] Extracting cached content payload context for artifact: [../agent]
[ERROR] [react-redux-realworld-example-app] Failed to acquire local content stream for asset reference [../agent]: File not found in zip.
[INFO] [react-redux-realworld-example-app] Extracting cached content payload context for artifact: [./ArticleActions]
[ERROR] [react-redux-realworld-example-app] Failed to acquire local content stream for asset reference [./ArticleActions]: File not found in zip.
[INFO] [react-redux-realworld-example-app] Extracting cached content payload context for artifact: [src/components/Settings.js]
[INFO] [react-redux-realworld-example-app] Successfully tracked code profile mapping dictionary entry for artifact path: [src/components/Settings.js]
[INFO] [react-redux-realworld-example-app] Extracting cached content payload context for artifact: [src/reducers/profile.js]
[INFO] [react-redux-realworld-example-app] Successfully tracked code profile mapping dictionary entry for artifact path: [src/reducers/profile.js]
[INFO] [react-redux-realworld-example-app] Extracting cached content payload context for artifact: [./ListErrors]
[ERROR] [react-redux-realworld-example-app] Failed to acquire local content stream for asset reference [./ListErrors]: File not found in zip.
[INFO] [react-redux-realworld-example-app] Extracting cached content payload context for artifact: [./ArticleList]
[ERROR] [react-redux-realworld-example-app] Failed to acquire local content stream for asset reference [./ArticleList]: File not found in zip.
[INFO] [react-redux-realworld-example-app] Extracting cached content payload context for artifact: [./reducers/profile]
[ERROR] [react-redux-realworld-example-app] Failed to acquire local content stream for asset reference [./reducers/profile]: File not found in zip.
[INFO] [react-redux-realworld-example-app] Extracting cached content payload context for artifact: [./reducers/article]
[ERROR] [react-redux-realworld-example-app] Failed to acquire local content stream for asset reference [./reducers/article]: File not found in zip.
[INFO] [react-redux-realworld-example-app] Extracting cached content payload context for artifact: [./reducers/common]
[ERROR] [react-redux-realworld-example-app] Failed to acquire local content stream for asset reference [./reducers/common]: File not found in zip.
[INFO] [react-redux-realworld-example-app] Extracting cached content payload context for artifact: [./reducers/auth]
[ERROR] [react-redux-realworld-example-app] Failed to acquire local content stream for asset reference [./reducers/auth]: File not found in zip.
[INFO] [react-redux-realworld-example-app] Extracting cached content payload context for artifact: [./reducers/home]
[ERROR] [react-redux-realworld-example-app] Failed to acquire local content stream for asset reference [./reducers/home]: File not found in zip.
[INFO] [react-redux-realworld-example-app] Extracting cached content payload context for artifact: [./reducers/editor]
[ERROR] [react-redux-realworld-example-app] Failed to acquire local content stream for asset reference [./reducers/editor]: File not found in zip.
[INFO] [react-redux-realworld-example-app] Extracting cached content payload context for artifact: [./reducers/articleList]
[ERROR] [react-redux-realworld-example-app] Failed to acquire local content stream for asset reference [./reducers/articleList]: File not found in zip.
[INFO] [react-redux-realworld-example-app] Extracting cached content payload context for artifact: [./reducers/settings]
[ERROR] [react-redux-realworld-example-app] Failed to acquire local content stream for asset reference [./reducers/settings]: File not found in zip.
[INFO] [react-redux-realworld-example-app] Extracting cached content payload context for artifact: [src/components/Article/CommentInput.js]
[INFO] [react-redux-realworld-example-app] Successfully tracked code profile mapping dictionary entry for artifact path: [src/components/Article/CommentInput.js]
[INFO] [react-redux-realworld-example-app] Extracting cached content payload context for artifact: [./CommentList]
[ERROR] [react-redux-realworld-example-app] Failed to acquire local content stream for asset reference [./CommentList]: File not found in zip.
[INFO] [react-redux-realworld-example-app] Extracting cached content payload context for artifact: [./CommentInput]
[ERROR] [react-redux-realworld-example-app] Failed to acquire local content stream for asset reference [./CommentInput]: File not found in zip.
[INFO] [react-redux-realworld-example-app] Extracting cached content payload context for artifact: [src/components/Article/CommentList.js]
[INFO] [react-redux-realworld-example-app] Successfully tracked code profile mapping dictionary entry for artifact path: [src/components/Article/CommentList.js]
[INFO] Successfully populated 31 objects into tracking matrix structure for repository 'react-redux-realworld-example-app'.
[INFO] Pacing boundaries active. Pausing operations for 20s to safeguard API Gateway pool context limits...
[INFO] --- [PHASE 2] Processing Repository: node-express-realworld-example-app (Branch: master) ---
[INFO] Phase 2 - Step 1 [node-express-realworld-example-app]: Sending request to AAVA Search Endpoint (Attempt 1/3)...
[INFO] [node-express-realworld-example-app] Successfully retrieved structural payload with 37 records from search.
[INFO] Phase 2 - Step 2 [node-express-realworld-example-app]: Evaluating structural records against similarity boundaries (>= 0.01)...
[INFO] [node-express-realworld-example-app] Accepted path [Similarity: 10.0297]: src/tests/services/article.service.test.ts
[INFO] [node-express-realworld-example-app] Accepted path [Similarity: 10.0220]: src/app/routes/article/article.controller.ts
[INFO] [node-express-realworld-example-app] Accepted path [Similarity: 10.0106]: src/prisma/seed.ts
[INFO] [node-express-realworld-example-app] Accepted path [Similarity: 9.9871]: src/prisma/migrations/20210924225358_initial/migration.sql
[INFO] [node-express-realworld-example-app] Accepted path [Similarity: 0.0299]: src/app/routes/article/article.service.ts
[INFO] [node-express-realworld-example-app] Accepted path [Similarity: 0.0269]: src/main.ts
[INFO] [node-express-realworld-example-app] Accepted path [Similarity: 0.0261]: src/tests/services/auth.service.test.ts
[INFO] [node-express-realworld-example-app] Accepted path [Similarity: 0.0258]: src/app/routes/article/article.model.ts
[INFO] [node-express-realworld-example-app] Accepted path [Similarity: 0.0251]: src/prisma/migrations/20211001143221_implicit_tags/migration.sql
[INFO] [node-express-realworld-example-app] Accepted path [Similarity: 0.0248]: src/app/routes/article/article.mapper.ts
[INFO] [node-express-realworld-example-app] Accepted path [Similarity: 0.0247]: src/prisma/migrations/20211221184529_deprecated_preview/migration.sql
[INFO] [node-express-realworld-example-app] Accepted path [Similarity: 0.0226]: src/app/routes/auth/auth.service.ts
[INFO] [node-express-realworld-example-app] Accepted path [Similarity: 0.0225]: src/tests/services/profile.service.test.ts
[INFO] [node-express-realworld-example-app] Accepted path [Similarity: 0.0223]: Dockerfile
[INFO] [node-express-realworld-example-app] Extracted 14 completely unique candidate filepath locations.
[INFO] Phase 2 - Step 3 [node-express-realworld-example-app]: Filtering paths matching targeting extension whitelist...
[INFO] [node-express-realworld-example-app] Retained path allocation target matching runtime criteria: [src/tests/services/article.service.test.ts]
[INFO] [node-express-realworld-example-app] Retained path allocation target matching runtime criteria: [src/app/routes/article/article.controller.ts]
[INFO] [node-express-realworld-example-app] Retained path allocation target matching runtime criteria: [src/prisma/seed.ts]
[INFO] [node-express-realworld-example-app] Retained path allocation target matching runtime criteria: [src/prisma/migrations/20210924225358_initial/migration.sql]
[INFO] [node-express-realworld-example-app] Retained path allocation target matching runtime criteria: [src/app/routes/article/article.service.ts]
[INFO] [node-express-realworld-example-app] Retained path allocation target matching runtime criteria: [src/main.ts]
[INFO] [node-express-realworld-example-app] Retained path allocation target matching runtime criteria: [src/tests/services/auth.service.test.ts]
[INFO] [node-express-realworld-example-app] Retained path allocation target matching runtime criteria: [src/app/routes/article/article.model.ts]
[INFO] [node-express-realworld-example-app] Retained path allocation target matching runtime criteria: [src/prisma/migrations/20211001143221_implicit_tags/migration.sql]
[INFO] [node-express-realworld-example-app] Retained path allocation target matching runtime criteria: [src/app/routes/article/article.mapper.ts]
[INFO] [node-express-realworld-example-app] Retained path allocation target matching runtime criteria: [src/prisma/migrations/20211221184529_deprecated_preview/migration.sql]
[INFO] [node-express-realworld-example-app] Retained path allocation target matching runtime criteria: [src/app/routes/auth/auth.service.ts]
[INFO] [node-express-realworld-example-app] Retained path allocation target matching runtime criteria: [src/tests/services/profile.service.test.ts]
[INFO] Phase 2 - Step 3 Completed [node-express-realworld-example-app]: Consolidated 13 paths for source code payload downstream consumption.
[INFO] --- Phase 2 - Step 4 [Expansion]: Looking up dependencies for 'node-express-realworld-example-app' ---
[INFO] [node-express-realworld-example-app] Expanding [src/tests/services/article.service.test.ts] with 11 intra-repo dependencies.
[INFO] [node-express-realworld-example-app] Expanding [src/app/routes/article/article.controller.ts] with 8 intra-repo dependencies.
[INFO] [node-express-realworld-example-app] Expanding [src/prisma/seed.ts] with 13 intra-repo dependencies.
[INFO] [node-express-realworld-example-app] Expanding [src/prisma/migrations/20210924225358_initial/migration.sql] with 7 intra-repo dependencies.
[INFO] [node-express-realworld-example-app] Expanding [src/app/routes/article/article.service.ts] with 19 intra-repo dependencies.
[INFO] [node-express-realworld-example-app] Expanding [src/main.ts] with 6 intra-repo dependencies.
[INFO] [node-express-realworld-example-app] Expanding [src/tests/services/auth.service.test.ts] with 5 intra-repo dependencies.
[INFO] [node-express-realworld-example-app] Expanding [src/app/routes/article/article.model.ts] with 6 intra-repo dependencies.
[INFO] [node-express-realworld-example-app] Expanding [src/prisma/migrations/20211001143221_implicit_tags/migration.sql] with 5 intra-repo dependencies.
[INFO] [node-express-realworld-example-app] Expanding [src/app/routes/article/article.mapper.ts] with 6 intra-repo dependencies.
[INFO] [node-express-realworld-example-app] Expanding [src/prisma/migrations/20211221184529_deprecated_preview/migration.sql] with 5 intra-repo dependencies.
[INFO] [node-express-realworld-example-app] Expanding [src/app/routes/auth/auth.service.ts] with 11 intra-repo dependencies.
[INFO] [node-express-realworld-example-app] Expanding [src/tests/services/profile.service.test.ts] with 10 intra-repo dependencies.
[INFO] [node-express-realworld-example-app] Final expanded file count to fetch: 52 (Original Search matches: 13)
[INFO] Phase 2 - Step 5 [node-express-realworld-example-app]: Beginning local extraction of source file content payloads from memory zip cache...
[INFO] [node-express-realworld-example-app] Extracting cached content payload context for artifact: [src/tests/services/article.service.test.ts]
[INFO] [node-express-realworld-example-app] Successfully tracked code profile mapping dictionary entry for artifact path: [src/tests/services/article.service.test.ts]
[INFO] [node-express-realworld-example-app] Extracting cached content payload context for artifact: [src/app/routes/article/article.controller.ts]
[INFO] [node-express-realworld-example-app] Successfully tracked code profile mapping dictionary entry for artifact path: [src/app/routes/article/article.controller.ts]
[INFO] [node-express-realworld-example-app] Extracting cached content payload context for artifact: [src/prisma/seed.ts]
[INFO] [node-express-realworld-example-app] Successfully tracked code profile mapping dictionary entry for artifact path: [src/prisma/seed.ts]
[INFO] [node-express-realworld-example-app] Extracting cached content payload context for artifact: [src/prisma/migrations/20210924225358_initial/migration.sql]
[INFO] [node-express-realworld-example-app] Successfully tracked code profile mapping dictionary entry for artifact path: [src/prisma/migrations/20210924225358_initial/migration.sql]
[INFO] [node-express-realworld-example-app] Extracting cached content payload context for artifact: [src/app/routes/article/article.service.ts]
[INFO] [node-express-realworld-example-app] Successfully tracked code profile mapping dictionary entry for artifact path: [src/app/routes/article/article.service.ts]
[INFO] [node-express-realworld-example-app] Extracting cached content payload context for artifact: [src/main.ts]
[INFO] [node-express-realworld-example-app] Successfully tracked code profile mapping dictionary entry for artifact path: [src/main.ts]
[INFO] [node-express-realworld-example-app] Extracting cached content payload context for artifact: [src/tests/services/auth.service.test.ts]
[INFO] [node-express-realworld-example-app] Successfully tracked code profile mapping dictionary entry for artifact path: [src/tests/services/auth.service.test.ts]
[INFO] [node-express-realworld-example-app] Extracting cached content payload context for artifact: [src/app/routes/article/article.model.ts]
[INFO] [node-express-realworld-example-app] Successfully tracked code profile mapping dictionary entry for artifact path: [src/app/routes/article/article.model.ts]
[INFO] [node-express-realworld-example-app] Extracting cached content payload context for artifact: [src/prisma/migrations/20211001143221_implicit_tags/migration.sql]
[INFO] [node-express-realworld-example-app] Successfully tracked code profile mapping dictionary entry for artifact path: [src/prisma/migrations/20211001143221_implicit_tags/migration.sql]
[INFO] [node-express-realworld-example-app] Extracting cached content payload context for artifact: [src/app/routes/article/article.mapper.ts]
[INFO] [node-express-realworld-example-app] Successfully tracked code profile mapping dictionary entry for artifact path: [src/app/routes/article/article.mapper.ts]
[INFO] [node-express-realworld-example-app] Extracting cached content payload context for artifact: [src/prisma/migrations/20211221184529_deprecated_preview/migration.sql]
[INFO] [node-express-realworld-example-app] Successfully tracked code profile mapping dictionary entry for artifact path: [src/prisma/migrations/20211221184529_deprecated_preview/migration.sql]
[INFO] [node-express-realworld-example-app] Extracting cached content payload context for artifact: [src/app/routes/auth/auth.service.ts]
[INFO] [node-express-realworld-example-app] Successfully tracked code profile mapping dictionary entry for artifact path: [src/app/routes/auth/auth.service.ts]
[INFO] [node-express-realworld-example-app] Extracting cached content payload context for artifact: [src/tests/services/profile.service.test.ts]
[INFO] [node-express-realworld-example-app] Successfully tracked code profile mapping dictionary entry for artifact path: [src/tests/services/profile.service.test.ts]
[INFO] [node-express-realworld-example-app] Extracting cached content payload context for artifact: [src/app/routes/article/comment.model.ts]
[INFO] [node-express-realworld-example-app] Successfully tracked code profile mapping dictionary entry for artifact path: [src/app/routes/article/comment.model.ts]
[INFO] [node-express-realworld-example-app] Extracting cached content payload context for artifact: [src/app/routes/routes.ts]
[INFO] [node-express-realworld-example-app] Successfully tracked code profile mapping dictionary entry for artifact path: [src/app/routes/routes.ts]
[INFO] [node-express-realworld-example-app] Extracting cached content payload context for artifact: [src/tests/prisma-mock.ts]
[INFO] [node-express-realworld-example-app] Successfully tracked code profile mapping dictionary entry for artifact path: [src/tests/prisma-mock.ts]
[INFO] [node-express-realworld-example-app] Extracting cached content payload context for artifact: [../prisma-mock]
[ERROR] [node-express-realworld-example-app] Failed to acquire local content stream for asset reference [../prisma-mock]: File not found in zip.
[INFO] [node-express-realworld-example-app] Extracting cached content payload context for artifact: [src/app/routes/auth/token.utils.ts]
[INFO] [node-express-realworld-example-app] Successfully tracked code profile mapping dictionary entry for artifact path: [src/app/routes/auth/token.utils.ts]
[INFO] [node-express-realworld-example-app] Extracting cached content payload context for artifact: [src/app/routes/article/author.mapper.ts]
[INFO] [node-express-realworld-example-app] Successfully tracked code profile mapping dictionary entry for artifact path: [src/app/routes/article/author.mapper.ts]
[INFO] [node-express-realworld-example-app] Extracting cached content payload context for artifact: [../../app/routes/article/article.service]
[ERROR] [node-express-realworld-example-app] Failed to acquire local content stream for asset reference [../../app/routes/article/article.service]: File not found in zip.
[INFO] [node-express-realworld-example-app] Extracting cached content payload context for artifact: [../auth/auth]
[ERROR] [node-express-realworld-example-app] Failed to acquire local content stream for asset reference [../auth/auth]: File not found in zip.
[INFO] [node-express-realworld-example-app] Extracting cached content payload context for artifact: [./article.service]
[ERROR] [node-express-realworld-example-app] Failed to acquire local content stream for asset reference [./article.service]: File not found in zip.
[INFO] [node-express-realworld-example-app] Extracting cached content payload context for artifact: [@prisma/client]
[ERROR] [node-express-realworld-example-app] Failed to acquire local content stream for asset reference [@prisma/client]: File not found in zip.
[INFO] [node-express-realworld-example-app] Extracting cached content payload context for artifact: [../app/routes/auth/auth.service]
[ERROR] [node-express-realworld-example-app] Failed to acquire local content stream for asset reference [../app/routes/auth/auth.service]: File not found in zip.
[INFO] [node-express-realworld-example-app] Extracting cached content payload context for artifact: [../app/routes/article/article.service]
[ERROR] [node-express-realworld-example-app] Failed to acquire local content stream for asset reference [../app/routes/article/article.service]: File not found in zip.
[INFO] [node-express-realworld-example-app] Extracting cached content payload context for artifact: [@ngneat/falso]
[ERROR] [node-express-realworld-example-app] Failed to acquire local content stream for asset reference [@ngneat/falso]: File not found in zip.
[INFO] [node-express-realworld-example-app] Extracting cached content payload context for artifact: [src/app/routes/auth/registered-user.model.ts]
[INFO] [node-express-realworld-example-app] Successfully tracked code profile mapping dictionary entry for artifact path: [src/app/routes/auth/registered-user.model.ts]
[INFO] [node-express-realworld-example-app] Extracting cached content payload context for artifact: [../app/routes/auth/registered-user.model]
[ERROR] [node-express-realworld-example-app] Failed to acquire local content stream for asset reference [../app/routes/auth/registered-user.model]: File not found in zip.
[INFO] [node-express-realworld-example-app] Extracting cached content payload context for artifact: [src/app/routes/profile/profile.model.ts]
[INFO] [node-express-realworld-example-app] Successfully tracked code profile mapping dictionary entry for artifact path: [src/app/routes/profile/profile.model.ts]
[INFO] [node-express-realworld-example-app] Extracting cached content payload context for artifact: [../../../prisma/prisma-client]
[ERROR] [node-express-realworld-example-app] Failed to acquire local content stream for asset reference [../../../prisma/prisma-client]: File not found in zip.
[INFO] [node-express-realworld-example-app] Extracting cached content payload context for artifact: [src/tests/utils/profile.utils.test.ts]
[INFO] [node-express-realworld-example-app] Successfully tracked code profile mapping dictionary entry for artifact path: [src/tests/utils/profile.utils.test.ts]
[INFO] [node-express-realworld-example-app] Extracting cached content payload context for artifact: [../tag/tag.model]
[ERROR] [node-express-realworld-example-app] Failed to acquire local content stream for asset reference [../tag/tag.model]: File not found in zip.
[INFO] [node-express-realworld-example-app] Extracting cached content payload context for artifact: [src/prisma/prisma-client.ts]
[INFO] [node-express-realworld-example-app] Successfully tracked code profile mapping dictionary entry for artifact path: [src/prisma/prisma-client.ts]
[INFO] [node-express-realworld-example-app] Extracting cached content payload context for artifact: [./article.mapper]
[ERROR] [node-express-realworld-example-app] Failed to acquire local content stream for asset reference [./article.mapper]: File not found in zip.
[INFO] [node-express-realworld-example-app] Extracting cached content payload context for artifact: [../profile/profile.utils]
[ERROR] [node-express-realworld-example-app] Failed to acquire local content stream for asset reference [../profile/profile.utils]: File not found in zip.
[INFO] [node-express-realworld-example-app] Extracting cached content payload context for artifact: [src/app/routes/profile/profile.service.ts]
[INFO] [node-express-realworld-example-app] Successfully tracked code profile mapping dictionary entry for artifact path: [src/app/routes/profile/profile.service.ts]
[INFO] [node-express-realworld-example-app] Extracting cached content payload context for artifact: [src/app/routes/profile/profile.controller.ts]
[INFO] [node-express-realworld-example-app] Successfully tracked code profile mapping dictionary entry for artifact path: [src/app/routes/profile/profile.controller.ts]
[INFO] [node-express-realworld-example-app] Extracting cached content payload context for artifact: [src/app/routes/profile/profile.utils.ts]
[INFO] [node-express-realworld-example-app] Successfully tracked code profile mapping dictionary entry for artifact path: [src/app/routes/profile/profile.utils.ts]
[INFO] [node-express-realworld-example-app] Extracting cached content payload context for artifact: [../../models/http-exception.model]
[ERROR] [node-express-realworld-example-app] Failed to acquire local content stream for asset reference [../../models/http-exception.model]: File not found in zip.
[INFO] [node-express-realworld-example-app] Extracting cached content payload context for artifact: [src/app/models/http-exception.model.ts]
[INFO] [node-express-realworld-example-app] Successfully tracked code profile mapping dictionary entry for artifact path: [src/app/models/http-exception.model.ts]
[INFO] [node-express-realworld-example-app] Extracting cached content payload context for artifact: [./app/models/http-exception.model]
[ERROR] [node-express-realworld-example-app] Failed to acquire local content stream for asset reference [./app/models/http-exception.model]: File not found in zip.
[INFO] [node-express-realworld-example-app] Extracting cached content payload context for artifact: [e2e/src/server/server.spec.ts]
[INFO] [node-express-realworld-example-app] Successfully tracked code profile mapping dictionary entry for artifact path: [e2e/src/server/server.spec.ts]
[INFO] [node-express-realworld-example-app] Extracting cached content payload context for artifact: [./app/routes/routes]
[ERROR] [node-express-realworld-example-app] Failed to acquire local content stream for asset reference [./app/routes/routes]: File not found in zip.
[INFO] [node-express-realworld-example-app] Extracting cached content payload context for artifact: [../../app/routes/auth/auth.service]
[ERROR] [node-express-realworld-example-app] Failed to acquire local content stream for asset reference [../../app/routes/auth/auth.service]: File not found in zip.
[INFO] [node-express-realworld-example-app] Extracting cached content payload context for artifact: [./comment.model]
[ERROR] [node-express-realworld-example-app] Failed to acquire local content stream for asset reference [./comment.model]: File not found in zip.
[INFO] [node-express-realworld-example-app] Extracting cached content payload context for artifact: [./author.mapper]
[ERROR] [node-express-realworld-example-app] Failed to acquire local content stream for asset reference [./author.mapper]: File not found in zip.
[INFO] [node-express-realworld-example-app] Extracting cached content payload context for artifact: [./register-input.model]
[ERROR] [node-express-realworld-example-app] Failed to acquire local content stream for asset reference [./register-input.model]: File not found in zip.
[INFO] [node-express-realworld-example-app] Extracting cached content payload context for artifact: [./registered-user.model]
[ERROR] [node-express-realworld-example-app] Failed to acquire local content stream for asset reference [./registered-user.model]: File not found in zip.
[INFO] [node-express-realworld-example-app] Extracting cached content payload context for artifact: [src/app/routes/auth/register-input.model.ts]
[INFO] [node-express-realworld-example-app] Successfully tracked code profile mapping dictionary entry for artifact path: [src/app/routes/auth/register-input.model.ts]
[INFO] [node-express-realworld-example-app] Extracting cached content payload context for artifact: [./user.model]
[ERROR] [node-express-realworld-example-app] Failed to acquire local content stream for asset reference [./user.model]: File not found in zip.
[INFO] [node-express-realworld-example-app] Extracting cached content payload context for artifact: [./token.utils]
[ERROR] [node-express-realworld-example-app] Failed to acquire local content stream for asset reference [./token.utils]: File not found in zip.
[INFO] [node-express-realworld-example-app] Extracting cached content payload context for artifact: [../../app/routes/profile/profile.service]
[ERROR] [node-express-realworld-example-app] Failed to acquire local content stream for asset reference [../../app/routes/profile/profile.service]: File not found in zip.
[INFO] Successfully populated 28 objects into tracking matrix structure for repository 'node-express-realworld-example-app'.
[INFO] 
================ PHASE 3: HIGH LEVEL RCA AGENT (PHASE-3) FILTERING ================
[INFO] --- Starting Chunking Process for Phase-3 Agent ---
[INFO] Chunking complete. Created 1 independent code payload chunks.
[INFO] [Phase-3 Thread 1] Zipping payload and triggering Workflow 18914 (Max 2 Iterations)...
[INFO] [Phase-3 Thread 1] --- Starting Iteration 1 ---
[INFO] [Phase-3 Thread 1] Triggered successfully! Execution ID: 96892978-0925-453f-b90c-e3505f11b622. Starting poll...
[INFO] [Phase-3 Thread 1] Workflow SUCCESS! Parsing JSON output...
[INFO] [Phase-3 Thread 1] Iteration 1 parsed. Review Score: 72. Impacted files Count: 8
[WARNING] [Phase-3 Thread 1] Compliance failed (72 < 90). Feeding back to Agent...
[INFO] [Phase-3 Thread 1] --- Starting Iteration 2 ---
[INFO] [Phase-3 Thread 1] Triggered successfully! Execution ID: 66a0e29d-d132-4c96-a75d-eab0f0bf3189. Starting poll...
[INFO] [Phase-3 Thread 1] Workflow SUCCESS! Parsing JSON output...
[INFO] [Phase-3 Thread 1] Iteration 2 parsed. Review Score: 100. Impacted files Count: 9
[INFO] [Phase-3 Thread 1] More than 90% compliance reached on iteration 2. Exiting loop.
[INFO] [Phase-3] Thread 1 completed. Extracted 9 surviving paths with scores.
[INFO] Phase-3 Complete! Total completely unique surviving paths across all chunks: 9
[INFO] ================ APPLYING BM25 RANKING (Top 50, Trim: False) ================
[INFO] BM25 query: Creating an article with an excessively long title causes the backend to crash and return a 500 error instead of a graceful validation message

Creating an article with a very long title causes a 500 Internal Server Error backend crash. The frontend form lacks character limit validation on the title input, and the backend API fails to catch the database length validation error gracefully to return a 422
[INFO] [react-redux-realworld-example-app] Preparing 5 files for BM25 scoring.
[INFO] [node-express-realworld-example-app] Preparing 4 files for BM25 scoring.
[INFO] BM25 corpus size: 9
[INFO] BM25 query tokens: ['creating', 'an', 'article', 'with', 'an', 'excessively', 'long', 'title', 'causes', 'the', 'backend', 'to', 'crash', 'and', 'return', 'a', '500', 'error', 'instead', 'of', 'a', 'graceful', 'validation', 'message', 'creating', 'an', 'article', 'with', 'a', 'very', 'long', 'title', 'causes', 'a', '500', 'internal', 'server', 'error', 'backend', 'crash', 'the', 'frontend', 'form', 'lacks', 'character', 'limit', 'validation', 'on', 'the', 'title', 'input', 'and', 'the', 'backend', 'api', 'fails', 'to', 'catch', 'the', 'database', 'length', 'validation', 'error', 'gracefully', 'to', 'return', 'a', '422']
[INFO] BM25 average document length: 375.44
[INFO] [BM25] Score: 49.0253 | Repo: node-express-realworld-example-app | File: src/app/routes/article/article.controller.ts
[INFO] [BM25] Relevance Score: 81.0 | Repo: node-express-realworld-example-app | File: src/app/routes/article/article.controller.ts
[INFO] [BM25] Score: 25.7767 | Repo: node-express-realworld-example-app | File: src/prisma/migrations/20210924225358_initial/migration.sql
[INFO] [BM25] Relevance Score: 91.0 | Repo: node-express-realworld-example-app | File: src/prisma/migrations/20210924225358_initial/migration.sql
[INFO] [BM25] Score: 22.8865 | Repo: node-express-realworld-example-app | File: src/app/routes/article/article.service.ts
[INFO] [BM25] Relevance Score: 98.0 | Repo: node-express-realworld-example-app | File: src/app/routes/article/article.service.ts
[INFO] [BM25] Score: 19.2783 | Repo: node-express-realworld-example-app | File: src/main.ts
[INFO] [BM25] Relevance Score: 94.0 | Repo: node-express-realworld-example-app | File: src/main.ts
[INFO] [BM25] Score: 13.7793 | Repo: react-redux-realworld-example-app | File: src/components/Editor.js
[INFO] [BM25] Relevance Score: 93.0 | Repo: react-redux-realworld-example-app | File: src/components/Editor.js
[INFO] [BM25] Score: 9.6857 | Repo: react-redux-realworld-example-app | File: src/reducers/editor.js
[INFO] [BM25] Relevance Score: 73.0 | Repo: react-redux-realworld-example-app | File: src/reducers/editor.js
[INFO] [BM25] Score: 5.6828 | Repo: react-redux-realworld-example-app | File: src/middleware.js
[INFO] [BM25] Relevance Score: 60.0 | Repo: react-redux-realworld-example-app | File: src/middleware.js
[INFO] [BM25] Score: 5.2123 | Repo: react-redux-realworld-example-app | File: src/agent.js
[INFO] [BM25] Relevance Score: 56.0 | Repo: react-redux-realworld-example-app | File: src/agent.js
[INFO] [BM25] Score: 4.8033 | Repo: react-redux-realworld-example-app | File: src/components/ListErrors.js
[INFO] [BM25] Relevance Score: 66.0 | Repo: react-redux-realworld-example-app | File: src/components/ListErrors.js
[INFO] BM25 Ranking complete. Retained top 9 files out of 9.
[INFO] SUCCESS: Exported filtered impact components configuration (with BM25) to: C:\Users\komal.jayadeva\Downloads\code gen\rca\v21_opt2\filtered_multi_repo_code_impact_code_bm25.json
[INFO] 
--- Phase 4: Triggering Deep Level RCA at 50000 tokens (Horizontal Iter: 0) ---
[INFO] ================ Phase 4, Step 1: Re Organization (Target: 50000 tokens) ================
[INFO] Phase 4 Complete. Selected 9 files out of 9 total available across 2 repositories.
[INFO] ================ Phase 4, Step 2: DEEP LEVEL WF CALL (Workflow: 18926) ================
[INFO] [Phase-4] Triggered successfully! Execution ID: 156cb361-2fce-4f0a-9d48-4e2df2b3bb12. Starting poll...
[INFO] [Phase-4] Workflow SUCCESS! Parsing JSON output...
[WARNING] Review Score (88 <= 90) but NO missing files indicated. Retrying at current limit 50000 (Horizontal).
[INFO] Rubric Scorecard: DEEP LEVEL CODE REVIEW RUBRIC SCORECARD:

=== FUNCTIONAL COMPLETENESS (FC) ===
FC-01 [Requirement Fulfillment]: PASS (0 points deducted)
- The code addresses the core issue: preventing 500 errors from excessively long article titles
- Backend validation added with MAX_ARTICLE_TITLE_LENGTH constant (255 characters)
- Frontend maxLength attribute added to prevent client-side overflow
- Returns proper 422 validation error instead of 500 crash

FC-02 [Syntax Correctness]: PASS (0 points deducted)
- TypeScript syntax is valid in article.service.ts
- JavaScript/JSX syntax is valid in Editor.js
- Proper function declarations, imports, and error handling structure

=== OPERATION CORRECTNESS (OP) ===
OP-01 [MODIFY Context]: PASS (0 points deducted)
- The existing_code in both MODIFY operations exactly matches the original source files
- Verified against deep_level_rca_payload.json content

OP-02 [DEL Safety]: N/A (0 points deducted)
- No DELETE operations in this code change

OP-03 [ADD Isolation]: N/A (0 points deducted)
- No ADD operations (new file creation) in this code change

=== CODE QUALITY & STANDARDS (CQ) ===
CQ-01 [Error Handling]: PASS (0 points deducted)
- Proper HttpException thrown with 422 status code
- Error messages follow existing pattern in codebase
- Database operations already wrapped in try-catch at controller level

CQ-02 [Logging Standards]: PASS (0 points deducted)
- No complex new logic requiring additional logging
- Validation is straightforward and follows existing error handling patterns

CQ-03 [Naming Conventions]: PASS (0 points deducted)
- MAX_ARTICLE_TITLE_LENGTH follows SCREAMING_SNAKE_CASE for constants
- validateArticleTitle follows camelCase convention consistent with existing code
- Variable names are descriptive and match codebase style

=== SECURITY & SAFETY (SE) ===
SE-01 [No Hardcoded Secrets]: PASS (0 points deducted)
- No hardcoded passwords, API keys, or secrets introduced
- Only a length constant (255) is hardcoded, which is appropriate

SE-02 [Input Validation]: PASS (0 points deducted)
- Comprehensive input validation added for title field
- Validates presence, type (string), and length
- Applied in both createArticle and updateArticle functions

=== TOTAL PENALTY POINTS: 0 ===
All rubric criteria passed successfully.
[INFO] Review Feedback: The Main Agent's solution addresses the core requirement effectively by adding both backend and frontend validation for article title length. However, there are areas for improvement:

1. INCOMPLETE DATABASE CONSTRAINT VERIFICATION: The solution assumes the database schema allows VARCHAR(255) or TEXT for the title field. The migration file shows 'title TEXT NOT NULL' which technically allows unlimited length. While the application-level validation prevents the crash, a database-level constraint would provide defense-in-depth. Consider adding a database migration to enforce the length constraint at the schema level.

2. POTENTIAL EDGE CASE - SLUGIFY OVERFLOW: The code generates slugs using slugify(title) + '-' + id. If a title is exactly 255 characters, the resulting slug could exceed database limits if the slug field has a constraint. The code should validate that the generated slug length is also within acceptable bounds, or handle potential Prisma errors when the slug is too long.

3. MISSING TRY-CATCH FOR DATABASE OPERATIONS: While the controller has error handling, the createArticle and updateArticle functions perform database operations (prisma.article.create, prisma.article.update) that could still throw unexpected errors. The validateArticleTitle function should be called BEFORE any database queries to fail fast, which it does correctly. However, if Prisma throws a different error (e.g., unique constraint on slug after slugification of a long title), it may still result in a 500 error instead of a graceful 422.

4. FRONTEND VALIDATION INCOMPLETENESS: The maxLength attribute on the input field prevents typing beyond 255 characters, but it doesn't prevent pasting longer text or programmatic manipulation. While the backend validation will catch this, adding a visual indicator or client-side validation message would improve UX.

5. COVERAGE GAP: The solution achieves ~88% coverage because it doesn't address potential issues with the slug generation from long titles, doesn't add database-level constraints, and lacks comprehensive error handling for edge cases where slugify might produce unexpected results.

RECOMMENDATION: The code is production-ready for preventing the immediate 500 error crash, but should be enhanced with database schema constraints and additional slug length validation for complete robustness.
[INFO] 
--- Phase 4: Triggering Deep Level RCA at 50000 tokens (Horizontal Iter: 1) ---
[INFO] ================ Phase 4, Step 1: Re Organization (Target: 50000 tokens) ================
[INFO] Phase 4 Complete. Selected 9 files out of 9 total available across 2 repositories.
[INFO] ================ Phase 4, Step 2: DEEP LEVEL WF CALL (Workflow: 18926) ================
[INFO] [Phase-4] Triggered successfully! Execution ID: 87d0db82-5c57-4a45-83a8-f00aab24dd4e. Starting poll...
[INFO] [Phase-4] Workflow SUCCESS! Parsing JSON output...
[INFO] SUCCESS: Review Score (95 > 90). Exiting loop.
[INFO] Rubric Scorecard: RUBRIC EVALUATION SCORECARD:

[FC-01] Functional Completeness - Requirement Fulfillment: PASS (0 points deducted)
- The solution addresses the core requirement: preventing 500 errors when creating articles with excessively long titles
- Backend validation added with validateArticleTitle() function checking title length <= 255 characters
- Frontend validation added with maxLength attribute and character counter
- Graceful 422 error responses implemented instead of 500 crashes

[FC-02] Functional Completeness - Syntax Correctness: PASS (0 points deducted)
- TypeScript syntax is valid in article.service.ts
- JavaScript/React syntax is valid in Editor.js
- SQL syntax is valid in migration file
- All imports, function signatures, and code structure are correct

[OP-01] Operation Correctness - MODIFY Context: PASS (0 points deducted)
- The existing_code in article.service.ts exactly matches the original file content
- The existing_code in Editor.js exactly matches the original file content
- Both MODIFY operations have accurate context matching

[OP-02] Operation Correctness - DEL Safety: NOT APPLICABLE (0 points deducted)
- No DELETE operations present in the code changes

[OP-03] Operation Correctness - ADD Isolation: PASS (0 points deducted)
- The ADD operation creates a new migration file in the correct directory structure
- Path follows Prisma migration naming convention: src/prisma/migrations/[timestamp]_[description]/migration.sql
- Does not break existing directory structure

[CQ-01] Code Quality & Standards - Error Handling: PASS (0 points deducted)
- Database operations in createArticle() wrapped in try-catch block
- Database operations in updateArticle() wrapped in try-catch block
- Custom error handler rethrowAsValidationError() converts Prisma errors to 422 responses
- Proper HttpException throwing for validation failures

[CQ-02] Code Quality & Standards - Logging Standards: PASS (0 points deducted)
- While no explicit logging was added, the existing error handling pattern in the codebase relies on middleware-level error logging
- The solution follows the existing pattern where errors are thrown and caught by Express middleware
- No complex logic requiring additional debug logging beyond standard error propagation

[CQ-03] Code Quality & Standards - Naming Conventions: PASS (0 points deducted)
- validateArticleTitle follows camelCase convention consistent with existing code
- buildArticleSlug follows camelCase convention
- MAX_ARTICLE_TITLE_LENGTH and MAX_ARTICLE_SLUG_LENGTH follow UPPER_SNAKE_CASE for constants
- All naming conventions match the existing codebase patterns

[SE-01] Security & Safety - No Hardcoded Secrets: PASS (0 points deducted)
- No hardcoded passwords, API keys, or secrets introduced
- Only configuration constants (MAX_ARTICLE_TITLE_LENGTH = 255) present

[SE-02] Security & Safety - Input Validation: PASS (0 points deducted)
- Comprehensive input validation added for article title
- Type checking: validates title is a string
- Length checking: validates title <= 255 characters
- Slug length validation: validates generated slug <= 255 characters
- Validation occurs before database operations (fail-fast principle)

TOTAL PENALTY POINTS: 0
BASE SCORE: 100
RUBRIC SCORE: 100
[INFO] Review Feedback: EXCELLENT WORK - The Main Agent has successfully addressed all previous feedback points. The solution is now production-ready with comprehensive validation at multiple layers.

PREVIOUS FEEDBACK INCORPORATION VALIDATION:

1. DATABASE CONSTRAINT VERIFICATION - FULLY ADDRESSED ✓
   - Added migration file: 20260702000000_article_title_and_slug_length_constraints/migration.sql
   - Implements CHECK constraints at database level for both title and slug fields
   - Provides defense-in-depth as recommended

2. SLUGIFY OVERFLOW EDGE CASE - FULLY ADDRESSED ✓
   - Added buildArticleSlug() function with explicit slug length validation
   - Validates generated slug length <= 255 characters
   - Throws graceful 422 error if slug exceeds limit
   - Applied in both createArticle() and updateArticle() functions

3. DATABASE OPERATION ERROR HANDLING - FULLY ADDRESSED ✓
   - Wrapped prisma.article.create() in try-catch block in createArticle()
   - Wrapped prisma.article.update() in try-catch block in updateArticle()
   - Added isPrismaValidationError() helper to detect Prisma-specific errors
   - Added rethrowAsValidationError() to convert Prisma errors (P2000, P2002) to 422 responses
   - Validation called BEFORE database queries (fail-fast principle maintained)

4. FRONTEND VALIDATION COMPLETENESS - PARTIALLY ADDRESSED (Minor Gap)
   - Added maxLength={MAX_ARTICLE_TITLE_LENGTH} attribute to prevent typing beyond limit
   - Added visual character counter showing current length vs. maximum
   - Added conditional styling (text-danger) when title is too long
   - Added button disable logic when titleTooLong is true
   - MINOR GAP: The character counter display logic has a small issue - titleTooLong will never be true because maxLength prevents exceeding 255 characters through typing. However, this is acceptable because:
     * Backend validation will catch paste/programmatic manipulation
     * The maxLength attribute provides primary prevention
     * The character counter provides good UX feedback

5. COVERAGE GAP - FULLY ADDRESSED ✓
   - Database-level constraints added via migration
   - Slug length validation implemented
   - Comprehensive error handling for edge cases
   - All Prisma error scenarios handled gracefully

MINOR IMPROVEMENT OPPORTUNITY (Not blocking, score: 95/100):

The frontend character counter logic could be enhanced to handle paste events that exceed maxLength:

```javascript
const titleLength = (this.props.title || '').length;
const titleTooLong = titleLength > MAX_ARTICLE_TITLE_LENGTH;
```

However, this is a very minor UX enhancement since:
- The maxLength attribute already prevents most cases
- Backend validation provides the safety net
- Current implementation is production-ready

FINAL ASSESSMENT:
- All critical feedback points addressed
- Defense-in-depth achieved (frontend + backend + database)
- Error handling comprehensive and graceful
- Code quality excellent with proper naming and structure
- Security validation thorough
- Solution is PRODUCTION-READY

Score deduction of 5 points is solely due to the minor frontend UX refinement opportunity, not a functional defect.
[INFO] Final Deep Level RCA Report exported to: C:\Users\komal.jayadeva\Downloads\code gen\rca\v21_opt2\final_deep_rca_report.json
[INFO] ================ PHASE 5: AUTO-PATCHING & ARTIFACT UPLOAD ================
[INFO] --- Phase 5 - Step 1: Automated GitHub Patching ---
[INFO] --- [Phase 5] Processing Repository: react-redux-realworld-example-app ---
[INFO] Created blob for file: src/components/Editor.js
[INFO] Created blob for artifact: pipeline_execution.log
[INFO] Created blob for artifact: inter_repo_dep_tree.json
[INFO] Created blob for artifact: multi_repo_code_impact_code.json
[INFO] Created blob for artifact: filtered_multi_repo_code_impact_code.json
[INFO] Created blob for artifact: filtered_multi_repo_code_impact_code_bm25.json
[INFO] Created blob for artifact: deep_level_rca_payload.json
[INFO] Created blob for artifact: final_deep_rca_report.json
[INFO] Created blob for artifact: intra_repo_dep_tree_react-redux-realworld-example-app.json
[INFO] Created blob for artifact: intra_repo_dep_tree_node-express-realworld-example-app.json
[INFO] Successfully created branch rca-fix-20260702_150710 for react-redux-realworld-example-app with commit fda6b416327e3915324494a252cd4e9ba0356e25
[INFO] --- [Phase 5] Processing Repository: node-express-realworld-example-app ---
[INFO] Created blob for file: src/app/routes/article/article.service.ts
[INFO] Created blob for file: src/prisma/migrations/20260702000000_article_title_and_slug_length_constraints/migration.sql
[INFO] Successfully created branch rca-fix-20260702_150710 for node-express-realworld-example-app with commit 43b79cb233ff8cbf0ecfcc1787de1981908f7494
[INFO] 
================ PHASE 5 OUTPUT ================
[INFO] Repo: react-redux-realworld-example-app | Branch URL: https://github.com/SCpradhan/react-redux-realworld-example-app/tree/rca-fix-20260702_150710 | Commit SHA: fda6b416327e3915324494a252cd4e9ba0356e25
[INFO] Repo: node-express-realworld-example-app | Branch URL: https://github.com/SCpradhan/node-express-realworld-example-app/tree/rca-fix-20260702_150710 | Commit SHA: 43b79cb233ff8cbf0ecfcc1787de1981908f7494
[INFO] --- Phase 5 - Step 2: Posting details to Jira Comments ---
[INFO] Successfully posted comment to Jira issue HAP-1500.
[INFO] ================ Final Results Aggregation Matrix ================
[INFO] --- Final Extracted Manifest Multi-Repository Dictionary ---
[INFO] ================ Pipeline Lifecycle Execution Completed Successfully ================
[INFO] ================ Starting Automation Pipeline Execution Lifecycle RCA_19_3 ================
[INFO] ================ PHASE 0: JIRA INTEGRATION ================
[INFO] Fetching issue HAP-1501 from https://aavaqe.atlassian.net...
[INFO] Successfully fetched combined summary+description for HAP-1501 (368 chars).
[INFO] Dynamically populated QUERY from Jira HAP-1501 : Users can delete comments made by other users by sending a direct API request. How to test this in RCA_v17.py: Plain Text

Users are able to delete comments made by other users via direct API requests. The backend endpoint for deleting comments does not verify if the requester is the comment's author. The frontend needs to handle 403 Forbidden errors if this occurs.
[INFO] ================ PHASE 1: GLOBAL TOPOLOGY GENERATION ================
[INFO] --- [PHASE 1] Processing Repository: react-redux-realworld-example-app (Branch: master) ---
[INFO] Phase 1 - Step 1 [react-redux-realworld-example-app]: Fetching supported languages for repository SCpradhan/react-redux-realworld-example-app...
[INFO] [react-redux-realworld-example-app] Detected languages from GitHub: ['JavaScript', 'HTML']
[INFO] Phase 1 - Step 2 [react-redux-realworld-example-app]: Mapping language signatures to standard target extensions...
[INFO] [react-redux-realworld-example-app] Matched language [JavaScript] -> Registered extensions: ['.js', '.jsx', '.mjs', '.cjs']
[WARNING] [react-redux-realworld-example-app] Language [HTML] not present in standard target table. Discarding.
[INFO] [react-redux-realworld-example-app] Final targeting extension whitelist: ['.gql', '.htm', '.graphql', '.css', '.mjs', '.yml', '.html', '.xml', '.scss', '.tsx', '.yaml', '.sass', '.astro', '.json', '.prisma', '.jsx', '.js', '.cjs', '.svelte', '.vue', '.sql', '.less']
[INFO] [react-redux-realworld-example-app] Optimizing context pull: Downloading full repository zip archive...
[INFO] --- Phase 1 - Step 3 [react-redux-realworld-example-app]: Generating Language-Aware Intra-Repo Dependency Tree (Whitelisted Extensions Only) ---
[INFO]   [Whitelisted File Context] package.json ──► Links: ['src/agent.js']
[INFO]   [Whitelisted File Context] src/agent.js ──► Links: ['src/components/Article/Comment.js', 'src/reducers/article.js', 'src/components/Register.js', 'src/components/Profile.js', 'src/reducers/profile.js', 'src/components/Login.js']
[INFO]   [Whitelisted File Context] src/components/App.js ──► Links: ['src/components/Settings.js', 'src/components/Register.js', './Header', 'src/components/Profile.js', 'src/components/ProfileFavorites.js', '../components/Profile', 'src/reducers/settings.js', 'src/reducers/editor.js', 'src/components/Header.js', 'src/components/Login.js', '../components/Login', '../components/Settings', '../components/Article', '../components/Register', '../store', '../constants/actionTypes', 'src/reducers/article.js', 'src/components/Editor.js', '../components/Editor', '../components/ProfileFavorites', 'src/agent.js', '../components/Home', 'src/store.js', 'src/reducers/common.js', 'src/constants/actionTypes.js', '../agent', 'src/reducers/profile.js']
[INFO]   [Whitelisted File Context] src/components/Article/ArticleActions.js ──► Links: ['src/constants/actionTypes.js', '../../constants/actionTypes', 'src/agent.js', '../../agent', 'src/reducers/article.js', 'src/reducers/editor.js', 'src/components/Editor.js']
[INFO]   [Whitelisted File Context] src/components/Article/ArticleMeta.js ──► Links: ['src/components/Article/ArticleActions.js', 'src/reducers/article.js', './ArticleActions']
[INFO]   [Whitelisted File Context] src/components/Article/Comment.js ──► Links: ['src/components/Article/DeleteButton.js', './DeleteButton']
[INFO]   [Whitelisted File Context] src/components/Article/CommentContainer.js ──► Links: ['src/components/Article/Comment.js', 'src/components/Register.js', './CommentInput', './CommentList', 'src/components/Article/CommentInput.js', 'src/components/Article/CommentList.js', 'src/reducers/article.js', 'src/components/Login.js']
[INFO]   [Whitelisted File Context] src/components/Article/CommentInput.js ──► Links: ['src/components/Article/Comment.js', 'src/constants/actionTypes.js', '../../constants/actionTypes', 'src/agent.js', '../../agent']
[INFO]   [Whitelisted File Context] src/components/Article/CommentList.js ──► Links: ['src/components/Article/Comment.js', './Comment']
[INFO]   [Whitelisted File Context] src/components/Article/DeleteButton.js ──► Links: ['src/components/Article/Comment.js', 'src/constants/actionTypes.js', '../../constants/actionTypes', 'src/agent.js', '../../agent']
[INFO]   [Whitelisted File Context] src/components/Article/index.js ──► Links: ['src/components/Article/Comment.js', 'src/reducers/common.js', './CommentContainer', 'src/constants/actionTypes.js', '../../constants/actionTypes', 'src/components/Article/CommentContainer.js', 'src/components/Home/Banner.js', './ArticleMeta', 'src/agent.js', '../../agent', 'src/reducers/article.js', 'src/components/Article/ArticleMeta.js']
[INFO]   [Whitelisted File Context] src/components/ArticleList.js ──► Links: ['./ArticlePreview', 'src/reducers/articleList.js', 'src/components/ArticlePreview.js', './ListPagination', 'src/components/ListPagination.js', 'src/reducers/article.js']
[INFO]   [Whitelisted File Context] src/components/ArticlePreview.js ──► Links: ['src/constants/actionTypes.js', 'src/agent.js', '../agent', '../constants/actionTypes', 'src/reducers/article.js']
[INFO]   [Whitelisted File Context] src/components/Editor.js ──► Links: ['src/components/ListErrors.js', 'src/constants/actionTypes.js', './ListErrors', 'src/agent.js', '../agent', '../constants/actionTypes', 'src/reducers/article.js', 'src/reducers/editor.js']
[INFO]   [Whitelisted File Context] src/components/Header.js ──► Links: ['src/components/Settings.js', 'src/components/Register.js', 'src/reducers/settings.js', 'src/reducers/editor.js', 'src/components/Editor.js', 'src/components/Login.js']
[INFO]   [Whitelisted File Context] src/components/Home/MainView.js ──► Links: ['src/reducers/article.js', 'src/components/ArticleList.js', 'src/reducers/articleList.js', 'src/reducers/common.js', 'src/constants/actionTypes.js', '../../constants/actionTypes', 'src/agent.js', '../../agent', '../ArticleList']
[INFO]   [Whitelisted File Context] src/components/Home/Tags.js ──► Links: ['src/agent.js', 'src/reducers/article.js', '../../agent']
[INFO]   [Whitelisted File Context] src/components/Home/index.js ──► Links: ['src/components/Home/MainView.js', 'src/reducers/common.js', 'src/constants/actionTypes.js', './MainView', '../../constants/actionTypes', './Tags', './Banner', 'src/components/Home/Banner.js', 'src/agent.js', '../../agent', 'src/reducers/article.js']
[INFO]   [Whitelisted File Context] src/components/ListPagination.js ──► Links: ['src/constants/actionTypes.js', 'src/agent.js', '../agent', '../constants/actionTypes', 'src/reducers/article.js']
[INFO]   [Whitelisted File Context] src/components/Login.js ──► Links: ['src/components/ListErrors.js', 'src/components/Register.js', 'src/constants/actionTypes.js', './ListErrors', 'src/agent.js', '../agent', '../constants/actionTypes']
[INFO]   [Whitelisted File Context] src/components/Profile.js ──► Links: ['src/components/Settings.js', 'src/components/ArticleList.js', 'src/reducers/articleList.js', 'src/reducers/common.js', 'src/constants/actionTypes.js', 'src/agent.js', 'src/reducers/settings.js', '../agent', '../constants/actionTypes', 'src/reducers/profile.js', 'src/reducers/article.js', './ArticleList']
[INFO]   [Whitelisted File Context] src/components/ProfileFavorites.js ──► Links: ['./Profile', 'src/constants/actionTypes.js', 'src/components/Profile.js', 'src/agent.js', '../agent', '../constants/actionTypes', 'src/reducers/profile.js', 'src/reducers/article.js']
[INFO]   [Whitelisted File Context] src/components/Register.js ──► Links: ['src/components/ListErrors.js', 'src/constants/actionTypes.js', './ListErrors', 'src/agent.js', '../agent', '../constants/actionTypes', 'src/components/Login.js']
[INFO]   [Whitelisted File Context] src/components/Settings.js ──► Links: ['src/components/ListErrors.js', 'src/reducers/common.js', 'src/constants/actionTypes.js', './ListErrors', 'src/components/Profile.js', 'src/agent.js', 'src/reducers/settings.js', '../agent', '../constants/actionTypes', 'src/reducers/profile.js']
[INFO]   [Whitelisted File Context] src/constants/actionTypes.js ──► Links: ['src/components/Settings.js', 'src/components/Article/Comment.js', 'src/components/Register.js', 'src/components/Profile.js', 'src/reducers/settings.js', 'src/reducers/profile.js', 'src/reducers/article.js', 'src/reducers/editor.js', 'src/components/Editor.js', 'src/components/Login.js']
[INFO]   [Whitelisted File Context] src/index.js ──► Links: ['src/store.js', './components/App', './store']
[INFO]   [Whitelisted File Context] src/middleware.js ──► Links: ['src/store.js', 'src/components/Register.js', 'src/constants/actionTypes.js', './constants/actionTypes', './agent', 'src/agent.js', 'src/components/Login.js']
[INFO]   [Whitelisted File Context] src/reducer.js ──► Links: ['src/components/Settings.js', './reducers/articleList', 'src/components/Profile.js', './reducers/profile', 'src/reducers/settings.js', 'src/reducers/editor.js', 'src/reducers/articleList.js', 'src/reducers/article.js', 'src/components/Editor.js', 'src/components/ArticleList.js', './reducers/article', './reducers/editor', './reducers/auth', './reducers/common', './reducers/settings', 'src/reducers/common.js', './reducers/home', 'src/reducers/profile.js']
[INFO]   [Whitelisted File Context] src/reducers/article.js ──► Links: ['src/constants/actionTypes.js', 'src/components/Article/Comment.js', '../constants/actionTypes']
[INFO]   [Whitelisted File Context] src/reducers/articleList.js ──► Links: ['src/constants/actionTypes.js', 'src/components/Profile.js', '../constants/actionTypes', 'src/reducers/profile.js', 'src/reducers/article.js']
[INFO]   [Whitelisted File Context] src/reducers/auth.js ──► Links: ['src/constants/actionTypes.js', 'src/components/Register.js', '../constants/actionTypes', 'src/components/Login.js']
[INFO]   [Whitelisted File Context] src/reducers/common.js ──► Links: ['src/components/Settings.js', 'src/components/Register.js', 'src/constants/actionTypes.js', 'src/components/Profile.js', 'src/reducers/settings.js', '../constants/actionTypes', 'src/reducers/profile.js', 'src/reducers/article.js', 'src/reducers/editor.js', 'src/components/Editor.js', 'src/components/Login.js']
[INFO]   [Whitelisted File Context] src/reducers/editor.js ──► Links: ['src/constants/actionTypes.js', 'src/reducers/article.js', 'src/components/Editor.js', '../constants/actionTypes']
[INFO]   [Whitelisted File Context] src/reducers/home.js ──► Links: ['src/constants/actionTypes.js', '../constants/actionTypes']
[INFO]   [Whitelisted File Context] src/reducers/profile.js ──► Links: ['src/constants/actionTypes.js', 'src/components/Profile.js', '../constants/actionTypes']
[INFO]   [Whitelisted File Context] src/reducers/settings.js ──► Links: ['src/components/Settings.js', 'src/constants/actionTypes.js', '../constants/actionTypes']
[INFO]   [Whitelisted File Context] src/store.js ──► Links: ['src/reducer.js', './reducer', 'redux-devtools-extension/developmentOnly', 'src/middleware.js', 'history/createBrowserHistory', './middleware']
[INFO] SUCCESS: Exported Whitelisted Intra-Repo dependency map to: C:\Users\komal.jayadeva\Downloads\code gen\rca\v21_opt2\intra_repo_dep_tree_react-redux-realworld-example-app.json
[INFO] --- [PHASE 1] Processing Repository: node-express-realworld-example-app (Branch: master) ---
[INFO] Phase 1 - Step 1 [node-express-realworld-example-app]: Fetching supported languages for repository SCpradhan/node-express-realworld-example-app...
[INFO] [node-express-realworld-example-app] Detected languages from GitHub: ['TypeScript', 'Dockerfile', 'JavaScript']
[INFO] Phase 1 - Step 2 [node-express-realworld-example-app]: Mapping language signatures to standard target extensions...
[INFO] [node-express-realworld-example-app] Matched language [TypeScript] -> Registered extensions: ['.ts', '.tsx']
[WARNING] [node-express-realworld-example-app] Language [Dockerfile] not present in standard target table. Discarding.
[INFO] [node-express-realworld-example-app] Matched language [JavaScript] -> Registered extensions: ['.js', '.jsx', '.mjs', '.cjs']
[INFO] [node-express-realworld-example-app] Final targeting extension whitelist: ['.gql', '.htm', '.graphql', '.css', '.ts', '.mjs', '.yml', '.html', '.xml', '.scss', '.tsx', '.yaml', '.sass', '.astro', '.json', '.prisma', '.jsx', '.js', '.cjs', '.svelte', '.vue', '.sql', '.less']
[INFO] [node-express-realworld-example-app] Optimizing context pull: Downloading full repository zip archive...
[INFO] --- Phase 1 - Step 3 [node-express-realworld-example-app]: Generating Language-Aware Intra-Repo Dependency Tree (Whitelisted Extensions Only) ---
[INFO]   [Whitelisted File Context] e2e/jest.config.ts ──► Links: ['e2e/src/support/test-setup.ts', 'e2e/tsconfig.spec.json', 'e2e/tsconfig.json', 'e2e/src/support/global-setup.ts', 'e2e/src/support/global-teardown.ts', '.vscode/extensions.json']
[INFO]   [Whitelisted File Context] e2e/project.json ──► Links: ['src/prisma/schema.prisma']
[INFO]   [Whitelisted File Context] e2e/tsconfig.json ──► Links: ['e2e/tsconfig.spec.json']
[INFO]   [Whitelisted File Context] e2e/tsconfig.spec.json ──► Links: ['e2e/tsconfig.json']
[INFO]   [Whitelisted File Context] jest.config.ts ──► Links: ['e2e/tsconfig.spec.json', 'e2e/tsconfig.json', '.vscode/extensions.json']
[INFO]   [Whitelisted File Context] nx.json ──► Links: ['e2e/src/support/test-setup.ts', 'src/prisma/schema.prisma', 'e2e/tsconfig.spec.json', 'e2e/tsconfig.json', 'e2e/project.json']
[INFO]   [Whitelisted File Context] package-lock.json ──► Links: ['src/prisma/schema.prisma', 'src/app/routes/auth/token.utils.ts', 'e2e/tsconfig.spec.json', 'e2e/tsconfig.json', 'e2e/project.json', 'e2e/src/server/server.spec.ts', 'src/app/routes/article/comment.model.ts']
[INFO]   [Whitelisted File Context] package.json ──► Links: ['src/app/routes/auth/token.utils.ts', 'src/prisma/schema.prisma']
[INFO]   [Whitelisted File Context] project.json ──► Links: ['src/prisma/schema.prisma', 'e2e/tsconfig.spec.json', 'e2e/tsconfig.json', 'e2e/project.json']
[INFO]   [Whitelisted File Context] src/app/routes/article/article.controller.ts ──► Links: ['../auth/auth', 'src/app/routes/article/article.service.ts', './article.service', 'src/app/routes/article/article.model.ts', 'src/app/routes/article/article.mapper.ts', 'src/tests/services/article.service.test.ts', 'src/app/routes/article/comment.model.ts', 'src/app/routes/article/author.mapper.ts']
[INFO]   [Whitelisted File Context] src/app/routes/article/article.mapper.ts ──► Links: ['src/app/routes/article/article.service.ts', 'src/app/routes/article/article.model.ts', 'src/app/routes/article/article.controller.ts', 'src/tests/services/article.service.test.ts', 'src/app/routes/article/author.mapper.ts', './author.mapper']
[INFO]   [Whitelisted File Context] src/app/routes/article/article.model.ts ──► Links: ['src/app/routes/article/article.service.ts', 'src/app/routes/article/article.controller.ts', 'src/app/routes/article/article.mapper.ts', 'src/tests/services/article.service.test.ts', 'src/app/routes/article/comment.model.ts', './comment.model']
[INFO]   [Whitelisted File Context] src/app/routes/article/article.service.ts ──► Links: ['../profile/profile.utils', 'src/prisma/prisma-client.ts', 'src/app/routes/article/article.mapper.ts', 'src/app/models/http-exception.model.ts', 'src/app/routes/profile/profile.service.ts', 'src/app/routes/article/article.controller.ts', '../../models/http-exception.model', 'src/app/routes/profile/profile.controller.ts', './article.mapper', 'src/app/routes/article/article.model.ts', 'src/app/routes/profile/profile.utils.ts', 'src/tests/services/profile.service.test.ts', 'src/tests/services/article.service.test.ts', 'src/app/routes/article/comment.model.ts', 'src/app/routes/article/author.mapper.ts', '../../../prisma/prisma-client', '../tag/tag.model', 'src/tests/utils/profile.utils.test.ts', 'src/app/routes/profile/profile.model.ts']
[INFO]   [Whitelisted File Context] src/app/routes/article/author.mapper.ts ──► Links: ['../auth/user.model']
[INFO]   [Whitelisted File Context] src/app/routes/article/comment.model.ts ──► Links: ['src/app/routes/article/article.service.ts', 'src/app/routes/article/article.model.ts', 'src/app/routes/article/article.controller.ts', './article.model', 'src/app/routes/article/article.mapper.ts', 'src/tests/services/article.service.test.ts']
[INFO]   [Whitelisted File Context] src/app/routes/auth/auth.controller.ts ──► Links: ['./auth', './auth.service']
[INFO]   [Whitelisted File Context] src/app/routes/auth/auth.service.ts ──► Links: ['src/app/routes/auth/token.utils.ts', 'src/app/routes/auth/registered-user.model.ts', 'src/app/routes/auth/register-input.model.ts', 'src/prisma/prisma-client.ts', './registered-user.model', './token.utils', './user.model', '../../models/http-exception.model', 'src/app/models/http-exception.model.ts', './register-input.model', '../../../prisma/prisma-client']
[INFO]   [Whitelisted File Context] src/app/routes/auth/auth.ts ──► Links: ['src/app/routes/auth/token.utils.ts', 'src/app/routes/article/author.mapper.ts']
[INFO]   [Whitelisted File Context] src/app/routes/auth/registered-user.model.ts ──► Links: ['src/app/routes/auth/token.utils.ts']
[INFO]   [Whitelisted File Context] src/app/routes/auth/user.model.ts ──► Links: ['src/app/routes/article/article.service.ts', '../article/article.model', 'src/app/routes/article/article.model.ts', '../article/comment.model', 'src/app/routes/article/article.controller.ts', 'src/app/routes/article/article.mapper.ts', 'src/tests/services/article.service.test.ts', 'src/app/routes/article/comment.model.ts']
[INFO]   [Whitelisted File Context] src/app/routes/profile/profile.controller.ts ──► Links: ['../auth/auth', 'src/app/routes/profile/profile.utils.ts', 'src/tests/utils/profile.utils.test.ts', 'src/app/routes/profile/profile.model.ts', 'src/tests/services/profile.service.test.ts', './profile.service', 'src/app/routes/profile/profile.service.ts']
[INFO]   [Whitelisted File Context] src/app/routes/profile/profile.model.ts ──► Links: ['src/app/routes/profile/profile.controller.ts', 'src/app/routes/profile/profile.utils.ts', 'src/tests/utils/profile.utils.test.ts', 'src/tests/services/profile.service.test.ts', 'src/app/routes/profile/profile.service.ts']
[INFO]   [Whitelisted File Context] src/app/routes/profile/profile.service.ts ──► Links: ['src/app/routes/profile/profile.controller.ts', './profile.utils', 'src/app/routes/profile/profile.utils.ts', 'src/tests/utils/profile.utils.test.ts', 'src/app/routes/profile/profile.model.ts', 'src/prisma/prisma-client.ts', 'src/tests/services/profile.service.test.ts', '../../models/http-exception.model', 'src/app/models/http-exception.model.ts', '../../../prisma/prisma-client']
[INFO]   [Whitelisted File Context] src/app/routes/profile/profile.utils.ts ──► Links: ['src/app/routes/profile/profile.controller.ts', '../auth/user.model', './profile.model', 'src/tests/utils/profile.utils.test.ts', 'src/app/routes/profile/profile.model.ts', 'src/tests/services/profile.service.test.ts', 'src/app/routes/profile/profile.service.ts']
[INFO]   [Whitelisted File Context] src/app/routes/routes.ts ──► Links: ['src/app/routes/profile/profile.controller.ts', './article/article.controller', 'src/app/routes/article/article.service.ts', './profile/profile.controller', 'src/app/routes/article/article.model.ts', 'src/app/routes/profile/profile.utils.ts', 'src/tests/utils/profile.utils.test.ts', 'src/app/routes/profile/profile.model.ts', 'src/app/routes/article/article.controller.ts', './tag/tag.controller', './auth/auth.controller', 'src/app/routes/article/article.mapper.ts', 'src/tests/services/profile.service.test.ts', 'src/tests/services/article.service.test.ts', 'src/app/routes/profile/profile.service.ts']
[INFO]   [Whitelisted File Context] src/app/routes/tag/tag.controller.ts ──► Links: ['./tag.service', '../auth/auth']
[INFO]   [Whitelisted File Context] src/app/routes/tag/tag.service.ts ──► Links: ['src/app/routes/article/article.service.ts', 'src/app/routes/article/article.model.ts', './tag.model', 'src/prisma/prisma-client.ts', 'src/app/routes/article/article.controller.ts', 'src/app/routes/article/article.mapper.ts', 'src/tests/services/article.service.test.ts', 'src/app/routes/article/author.mapper.ts', '../../../prisma/prisma-client']
[INFO]   [Whitelisted File Context] src/main.ts ──► Links: ['./app/models/http-exception.model', 'src/app/routes/routes.ts', 'e2e/src/server/server.spec.ts', './app/routes/routes', 'src/app/models/http-exception.model.ts', 'src/app/routes/article/author.mapper.ts']
[INFO]   [Whitelisted File Context] src/prisma/migrations/20210924225358_initial/migration.sql ──► Links: ['src/app/routes/article/article.service.ts', 'src/app/routes/article/article.model.ts', 'src/app/routes/article/article.controller.ts', 'src/app/routes/article/article.mapper.ts', 'src/tests/services/article.service.test.ts', 'src/app/routes/article/comment.model.ts', 'src/app/routes/article/author.mapper.ts']
[INFO]   [Whitelisted File Context] src/prisma/migrations/20211001143221_implicit_tags/migration.sql ──► Links: ['src/app/routes/article/article.service.ts', 'src/app/routes/article/article.model.ts', 'src/app/routes/article/article.controller.ts', 'src/app/routes/article/article.mapper.ts', 'src/tests/services/article.service.test.ts']
[INFO]   [Whitelisted File Context] src/prisma/migrations/20211221184529_deprecated_preview/migration.sql ──► Links: ['src/app/routes/article/article.service.ts', 'src/app/routes/article/article.model.ts', 'src/app/routes/article/article.controller.ts', 'src/app/routes/article/article.mapper.ts', 'src/tests/services/article.service.test.ts']
[INFO]   [Whitelisted File Context] src/prisma/prisma-client.ts ──► Links: ['@prisma/client']
[INFO]   [Whitelisted File Context] src/prisma/schema.prisma ──► Links: ['src/app/routes/article/article.service.ts', 'src/app/routes/article/article.model.ts', 'src/prisma/prisma-client.ts', 'src/app/routes/article/article.controller.ts', 'src/app/routes/article/article.mapper.ts', 'src/tests/services/article.service.test.ts', 'src/app/routes/article/comment.model.ts', 'src/app/routes/article/author.mapper.ts']
[INFO]   [Whitelisted File Context] src/prisma/seed.ts ──► Links: ['src/app/routes/article/article.service.ts', 'src/app/routes/article/article.model.ts', '@prisma/client', 'src/app/routes/auth/registered-user.model.ts', '../app/routes/auth/auth.service', 'src/app/routes/routes.ts', '../app/routes/article/article.service', '../app/routes/auth/registered-user.model', 'src/app/routes/article/article.controller.ts', 'src/app/routes/article/article.mapper.ts', 'src/tests/services/article.service.test.ts', 'src/app/routes/article/comment.model.ts', '@ngneat/falso']
[INFO]   [Whitelisted File Context] src/tests/prisma-mock.ts ──► Links: ['../prisma/prisma-client', '@prisma/client', 'src/prisma/prisma-client.ts']
[INFO]   [Whitelisted File Context] src/tests/services/article.service.test.ts ──► Links: ['../../app/routes/article/article.service', 'src/app/routes/article/article.service.ts', 'src/app/routes/auth/token.utils.ts', 'src/app/routes/article/article.model.ts', '../prisma-mock', 'src/app/routes/routes.ts', 'src/app/routes/article/article.controller.ts', 'src/app/routes/article/article.mapper.ts', 'src/tests/prisma-mock.ts', 'src/app/routes/article/comment.model.ts', 'src/app/routes/article/author.mapper.ts']
[INFO]   [Whitelisted File Context] src/tests/services/auth.service.test.ts ──► Links: ['../prisma-mock', 'src/app/routes/routes.ts', 'src/tests/prisma-mock.ts', 'src/app/routes/auth/token.utils.ts', '../../app/routes/auth/auth.service']
[INFO]   [Whitelisted File Context] src/tests/services/profile.service.test.ts ──► Links: ['src/app/routes/profile/profile.controller.ts', '../prisma-mock', 'src/app/routes/profile/profile.utils.ts', 'src/app/routes/routes.ts', 'src/tests/utils/profile.utils.test.ts', 'src/app/routes/profile/profile.model.ts', 'src/tests/prisma-mock.ts', 'src/app/routes/auth/token.utils.ts', '../../app/routes/profile/profile.service', 'src/app/routes/profile/profile.service.ts']
[INFO]   [Whitelisted File Context] src/tests/utils/profile.utils.test.ts ──► Links: ['src/app/routes/profile/profile.controller.ts', 'src/app/routes/profile/profile.utils.ts', 'src/app/routes/routes.ts', 'src/app/routes/profile/profile.model.ts', 'src/tests/services/profile.service.test.ts', '../../app/routes/profile/profile.utils', 'src/app/routes/profile/profile.service.ts']
[INFO]   [Whitelisted File Context] tsconfig.app.json ──► Links: ['e2e/tsconfig.spec.json', 'e2e/tsconfig.json']
[INFO]   [Whitelisted File Context] tsconfig.json ──► Links: ['e2e/tsconfig.spec.json', 'e2e/tsconfig.json']
[INFO]   [Whitelisted File Context] tsconfig.spec.json ──► Links: ['e2e/tsconfig.spec.json', 'e2e/tsconfig.json']
[INFO] SUCCESS: Exported Whitelisted Intra-Repo dependency map to: C:\Users\komal.jayadeva\Downloads\code gen\rca\v21_opt2\intra_repo_dep_tree_node-express-realworld-example-app.json
[INFO] 
---Phase 1 - Step 4 ====== Generating Global Cross-Repo Dependency Tree ================
[INFO] [Repository Axis] react-redux-realworld-example-app ──► References Workspace Targets: []
[INFO] [Repository Axis] node-express-realworld-example-app ──► References Workspace Targets: []
[INFO] SUCCESS: Exported Inter-Repo topology tracking map to: C:\Users\komal.jayadeva\Downloads\code gen\rca\v21_opt2\inter_repo_dep_tree.json
[INFO] ================ PHASE 2: SEARCH, EXPAND & EXTRACT ================
[INFO] --- [PHASE 2] Processing Repository: react-redux-realworld-example-app (Branch: master) ---
[INFO] Phase 2 - Step 1 [react-redux-realworld-example-app]: Sending request to AAVA Search Endpoint (Attempt 1/3)...
[INFO] [react-redux-realworld-example-app] Successfully retrieved structural payload with 44 records from search.
[INFO] Phase 2 - Step 2 [react-redux-realworld-example-app]: Evaluating structural records against similarity boundaries (>= 0.01)...
[INFO] [react-redux-realworld-example-app] Accepted path [Similarity: 10.0309]: src/components/Article/DeleteButton.js
[INFO] [react-redux-realworld-example-app] Accepted path [Similarity: 10.0223]: src/components/Article/Comment.js
[INFO] [react-redux-realworld-example-app] Accepted path [Similarity: 10.0006]: src/components/Article/ArticleMeta.js
[INFO] [react-redux-realworld-example-app] Accepted path [Similarity: 9.9844]: src/components/App.js
[INFO] [react-redux-realworld-example-app] Accepted path [Similarity: 0.0312]: src/reducers/article.js
[INFO] [react-redux-realworld-example-app] Accepted path [Similarity: 0.0303]: src/components/Article/CommentContainer.js
[INFO] [react-redux-realworld-example-app] Accepted path [Similarity: 0.0292]: src/components/Article/index.js
[INFO] [react-redux-realworld-example-app] Accepted path [Similarity: 0.0279]: src/components/ListErrors.js
[INFO] [react-redux-realworld-example-app] Accepted path [Similarity: 0.0275]: src/components/Article/ArticleActions.js
[INFO] [react-redux-realworld-example-app] Accepted path [Similarity: 0.0264]: src/components/Home/MainView.js
[INFO] [react-redux-realworld-example-app] Accepted path [Similarity: 0.0259]: src/constants/actionTypes.js
[INFO] [react-redux-realworld-example-app] Accepted path [Similarity: 0.0253]: src/components/Article/CommentList.js
[INFO] [react-redux-realworld-example-app] Accepted path [Similarity: 0.0252]: src/middleware.js
[INFO] [react-redux-realworld-example-app] Accepted path [Similarity: 0.0248]: src/components/Article/CommentInput.js
[INFO] [react-redux-realworld-example-app] Accepted path [Similarity: 0.0243]: src/components/Home/Tags.js
[INFO] [react-redux-realworld-example-app] Accepted path [Similarity: 0.0240]: src/components/Profile.js
[INFO] [react-redux-realworld-example-app] Accepted path [Similarity: 0.0236]: src/components/Home/index.js
[INFO] [react-redux-realworld-example-app] Accepted path [Similarity: 0.0235]: src/components/ArticlePreview.js
[INFO] [react-redux-realworld-example-app] Accepted path [Similarity: 0.0231]: src/reducers/common.js
[INFO] [react-redux-realworld-example-app] Accepted path [Similarity: 0.0231]: src/store.js
[INFO] [react-redux-realworld-example-app] Accepted path [Similarity: 0.0230]: src/components/Settings.js
[INFO] [react-redux-realworld-example-app] Accepted path [Similarity: 0.0218]: src/components/Register.js
[INFO] [react-redux-realworld-example-app] Accepted path [Similarity: 0.0215]: src/components/Login.js
[INFO] [react-redux-realworld-example-app] Extracted 23 completely unique candidate filepath locations.
[INFO] Phase 2 - Step 3 [react-redux-realworld-example-app]: Filtering paths matching targeting extension whitelist...
[INFO] [react-redux-realworld-example-app] Retained path allocation target matching runtime criteria: [src/components/Article/DeleteButton.js]
[INFO] [react-redux-realworld-example-app] Retained path allocation target matching runtime criteria: [src/components/Article/Comment.js]
[INFO] [react-redux-realworld-example-app] Retained path allocation target matching runtime criteria: [src/components/Article/ArticleMeta.js]
[INFO] [react-redux-realworld-example-app] Retained path allocation target matching runtime criteria: [src/components/App.js]
[INFO] [react-redux-realworld-example-app] Retained path allocation target matching runtime criteria: [src/reducers/article.js]
[INFO] [react-redux-realworld-example-app] Retained path allocation target matching runtime criteria: [src/components/Article/CommentContainer.js]
[INFO] [react-redux-realworld-example-app] Retained path allocation target matching runtime criteria: [src/components/Article/index.js]
[INFO] [react-redux-realworld-example-app] Retained path allocation target matching runtime criteria: [src/components/ListErrors.js]
[INFO] [react-redux-realworld-example-app] Retained path allocation target matching runtime criteria: [src/components/Article/ArticleActions.js]
[INFO] [react-redux-realworld-example-app] Retained path allocation target matching runtime criteria: [src/components/Home/MainView.js]
[INFO] [react-redux-realworld-example-app] Retained path allocation target matching runtime criteria: [src/constants/actionTypes.js]
[INFO] [react-redux-realworld-example-app] Retained path allocation target matching runtime criteria: [src/components/Article/CommentList.js]
[INFO] [react-redux-realworld-example-app] Retained path allocation target matching runtime criteria: [src/middleware.js]
[INFO] [react-redux-realworld-example-app] Retained path allocation target matching runtime criteria: [src/components/Article/CommentInput.js]
[INFO] [react-redux-realworld-example-app] Retained path allocation target matching runtime criteria: [src/components/Home/Tags.js]
[INFO] [react-redux-realworld-example-app] Retained path allocation target matching runtime criteria: [src/components/Profile.js]
[INFO] [react-redux-realworld-example-app] Retained path allocation target matching runtime criteria: [src/components/Home/index.js]
[INFO] [react-redux-realworld-example-app] Retained path allocation target matching runtime criteria: [src/components/ArticlePreview.js]
[INFO] [react-redux-realworld-example-app] Retained path allocation target matching runtime criteria: [src/reducers/common.js]
[INFO] [react-redux-realworld-example-app] Retained path allocation target matching runtime criteria: [src/store.js]
[INFO] [react-redux-realworld-example-app] Retained path allocation target matching runtime criteria: [src/components/Settings.js]
[INFO] [react-redux-realworld-example-app] Retained path allocation target matching runtime criteria: [src/components/Register.js]
[INFO] [react-redux-realworld-example-app] Retained path allocation target matching runtime criteria: [src/components/Login.js]
[INFO] Phase 2 - Step 3 Completed [react-redux-realworld-example-app]: Consolidated 23 paths for source code payload downstream consumption.
[INFO] --- Phase 2 - Step 4 [Expansion]: Looking up dependencies for 'react-redux-realworld-example-app' ---
[INFO] [react-redux-realworld-example-app] Expanding [src/components/Article/DeleteButton.js] with 5 intra-repo dependencies.
[INFO] [react-redux-realworld-example-app] Expanding [src/components/Article/Comment.js] with 2 intra-repo dependencies.
[INFO] [react-redux-realworld-example-app] Expanding [src/components/Article/ArticleMeta.js] with 3 intra-repo dependencies.
[INFO] [react-redux-realworld-example-app] Expanding [src/components/App.js] with 27 intra-repo dependencies.
[INFO] [react-redux-realworld-example-app] Expanding [src/reducers/article.js] with 3 intra-repo dependencies.
[INFO] [react-redux-realworld-example-app] Expanding [src/components/Article/CommentContainer.js] with 8 intra-repo dependencies.
[INFO] [react-redux-realworld-example-app] Expanding [src/components/Article/index.js] with 12 intra-repo dependencies.
[INFO] [react-redux-realworld-example-app] Expanding [src/components/Article/ArticleActions.js] with 7 intra-repo dependencies.
[INFO] [react-redux-realworld-example-app] Expanding [src/components/Home/MainView.js] with 9 intra-repo dependencies.
[INFO] [react-redux-realworld-example-app] Expanding [src/constants/actionTypes.js] with 10 intra-repo dependencies.
[INFO] [react-redux-realworld-example-app] Expanding [src/components/Article/CommentList.js] with 2 intra-repo dependencies.
[INFO] [react-redux-realworld-example-app] Expanding [src/middleware.js] with 7 intra-repo dependencies.
[INFO] [react-redux-realworld-example-app] Expanding [src/components/Article/CommentInput.js] with 5 intra-repo dependencies.
[INFO] [react-redux-realworld-example-app] Expanding [src/components/Home/Tags.js] with 3 intra-repo dependencies.
[INFO] [react-redux-realworld-example-app] Expanding [src/components/Profile.js] with 12 intra-repo dependencies.
[INFO] [react-redux-realworld-example-app] Expanding [src/components/Home/index.js] with 11 intra-repo dependencies.
[INFO] [react-redux-realworld-example-app] Expanding [src/components/ArticlePreview.js] with 5 intra-repo dependencies.
[INFO] [react-redux-realworld-example-app] Expanding [src/reducers/common.js] with 11 intra-repo dependencies.
[INFO] [react-redux-realworld-example-app] Expanding [src/store.js] with 6 intra-repo dependencies.
[INFO] [react-redux-realworld-example-app] Expanding [src/components/Settings.js] with 10 intra-repo dependencies.
[INFO] [react-redux-realworld-example-app] Expanding [src/components/Register.js] with 7 intra-repo dependencies.
[INFO] [react-redux-realworld-example-app] Expanding [src/components/Login.js] with 7 intra-repo dependencies.
[INFO] [react-redux-realworld-example-app] Final expanded file count to fetch: 67 (Original Search matches: 23)
[INFO] Phase 2 - Step 5 [react-redux-realworld-example-app]: Beginning local extraction of source file content payloads from memory zip cache...
[INFO] [react-redux-realworld-example-app] Extracting cached content payload context for artifact: [src/components/Article/DeleteButton.js]
[INFO] [react-redux-realworld-example-app] Successfully tracked code profile mapping dictionary entry for artifact path: [src/components/Article/DeleteButton.js]
[INFO] [react-redux-realworld-example-app] Extracting cached content payload context for artifact: [src/components/Article/Comment.js]
[INFO] [react-redux-realworld-example-app] Successfully tracked code profile mapping dictionary entry for artifact path: [src/components/Article/Comment.js]
[INFO] [react-redux-realworld-example-app] Extracting cached content payload context for artifact: [src/components/Article/ArticleMeta.js]
[INFO] [react-redux-realworld-example-app] Successfully tracked code profile mapping dictionary entry for artifact path: [src/components/Article/ArticleMeta.js]
[INFO] [react-redux-realworld-example-app] Extracting cached content payload context for artifact: [src/components/App.js]
[INFO] [react-redux-realworld-example-app] Successfully tracked code profile mapping dictionary entry for artifact path: [src/components/App.js]
[INFO] [react-redux-realworld-example-app] Extracting cached content payload context for artifact: [src/reducers/article.js]
[INFO] [react-redux-realworld-example-app] Successfully tracked code profile mapping dictionary entry for artifact path: [src/reducers/article.js]
[INFO] [react-redux-realworld-example-app] Extracting cached content payload context for artifact: [src/components/Article/CommentContainer.js]
[INFO] [react-redux-realworld-example-app] Successfully tracked code profile mapping dictionary entry for artifact path: [src/components/Article/CommentContainer.js]
[INFO] [react-redux-realworld-example-app] Extracting cached content payload context for artifact: [src/components/Article/index.js]
[INFO] [react-redux-realworld-example-app] Successfully tracked code profile mapping dictionary entry for artifact path: [src/components/Article/index.js]
[INFO] [react-redux-realworld-example-app] Extracting cached content payload context for artifact: [src/components/ListErrors.js]
[INFO] [react-redux-realworld-example-app] Successfully tracked code profile mapping dictionary entry for artifact path: [src/components/ListErrors.js]
[INFO] [react-redux-realworld-example-app] Extracting cached content payload context for artifact: [src/components/Article/ArticleActions.js]
[INFO] [react-redux-realworld-example-app] Successfully tracked code profile mapping dictionary entry for artifact path: [src/components/Article/ArticleActions.js]
[INFO] [react-redux-realworld-example-app] Extracting cached content payload context for artifact: [src/components/Home/MainView.js]
[INFO] [react-redux-realworld-example-app] Successfully tracked code profile mapping dictionary entry for artifact path: [src/components/Home/MainView.js]
[INFO] [react-redux-realworld-example-app] Extracting cached content payload context for artifact: [src/constants/actionTypes.js]
[INFO] [react-redux-realworld-example-app] Successfully tracked code profile mapping dictionary entry for artifact path: [src/constants/actionTypes.js]
[INFO] [react-redux-realworld-example-app] Extracting cached content payload context for artifact: [src/components/Article/CommentList.js]
[INFO] [react-redux-realworld-example-app] Successfully tracked code profile mapping dictionary entry for artifact path: [src/components/Article/CommentList.js]
[INFO] [react-redux-realworld-example-app] Extracting cached content payload context for artifact: [src/middleware.js]
[INFO] [react-redux-realworld-example-app] Successfully tracked code profile mapping dictionary entry for artifact path: [src/middleware.js]
[INFO] [react-redux-realworld-example-app] Extracting cached content payload context for artifact: [src/components/Article/CommentInput.js]
[INFO] [react-redux-realworld-example-app] Successfully tracked code profile mapping dictionary entry for artifact path: [src/components/Article/CommentInput.js]
[INFO] [react-redux-realworld-example-app] Extracting cached content payload context for artifact: [src/components/Home/Tags.js]
[INFO] [react-redux-realworld-example-app] Successfully tracked code profile mapping dictionary entry for artifact path: [src/components/Home/Tags.js]
[INFO] [react-redux-realworld-example-app] Extracting cached content payload context for artifact: [src/components/Profile.js]
[INFO] [react-redux-realworld-example-app] Successfully tracked code profile mapping dictionary entry for artifact path: [src/components/Profile.js]
[INFO] [react-redux-realworld-example-app] Extracting cached content payload context for artifact: [src/components/Home/index.js]
[INFO] [react-redux-realworld-example-app] Successfully tracked code profile mapping dictionary entry for artifact path: [src/components/Home/index.js]
[INFO] [react-redux-realworld-example-app] Extracting cached content payload context for artifact: [src/components/ArticlePreview.js]
[INFO] [react-redux-realworld-example-app] Successfully tracked code profile mapping dictionary entry for artifact path: [src/components/ArticlePreview.js]
[INFO] [react-redux-realworld-example-app] Extracting cached content payload context for artifact: [src/reducers/common.js]
[INFO] [react-redux-realworld-example-app] Successfully tracked code profile mapping dictionary entry for artifact path: [src/reducers/common.js]
[INFO] [react-redux-realworld-example-app] Extracting cached content payload context for artifact: [src/store.js]
[INFO] [react-redux-realworld-example-app] Successfully tracked code profile mapping dictionary entry for artifact path: [src/store.js]
[INFO] [react-redux-realworld-example-app] Extracting cached content payload context for artifact: [src/components/Settings.js]
[INFO] [react-redux-realworld-example-app] Successfully tracked code profile mapping dictionary entry for artifact path: [src/components/Settings.js]
[INFO] [react-redux-realworld-example-app] Extracting cached content payload context for artifact: [src/components/Register.js]
[INFO] [react-redux-realworld-example-app] Successfully tracked code profile mapping dictionary entry for artifact path: [src/components/Register.js]
[INFO] [react-redux-realworld-example-app] Extracting cached content payload context for artifact: [src/components/Login.js]
[INFO] [react-redux-realworld-example-app] Successfully tracked code profile mapping dictionary entry for artifact path: [src/components/Login.js]
[INFO] [react-redux-realworld-example-app] Extracting cached content payload context for artifact: [../../constants/actionTypes]
[ERROR] [react-redux-realworld-example-app] Failed to acquire local content stream for asset reference [../../constants/actionTypes]: File not found in zip.
[INFO] [react-redux-realworld-example-app] Extracting cached content payload context for artifact: [src/agent.js]
[INFO] [react-redux-realworld-example-app] Successfully tracked code profile mapping dictionary entry for artifact path: [src/agent.js]
[INFO] [react-redux-realworld-example-app] Extracting cached content payload context for artifact: [../../agent]
[ERROR] [react-redux-realworld-example-app] Failed to acquire local content stream for asset reference [../../agent]: File not found in zip.
[INFO] [react-redux-realworld-example-app] Extracting cached content payload context for artifact: [./DeleteButton]
[ERROR] [react-redux-realworld-example-app] Failed to acquire local content stream for asset reference [./DeleteButton]: File not found in zip.
[INFO] [react-redux-realworld-example-app] Extracting cached content payload context for artifact: [./ArticleActions]
[ERROR] [react-redux-realworld-example-app] Failed to acquire local content stream for asset reference [./ArticleActions]: File not found in zip.
[INFO] [react-redux-realworld-example-app] Extracting cached content payload context for artifact: [./Header]
[ERROR] [react-redux-realworld-example-app] Failed to acquire local content stream for asset reference [./Header]: File not found in zip.
[INFO] [react-redux-realworld-example-app] Extracting cached content payload context for artifact: [src/components/ProfileFavorites.js]
[INFO] [react-redux-realworld-example-app] Successfully tracked code profile mapping dictionary entry for artifact path: [src/components/ProfileFavorites.js]
[INFO] [react-redux-realworld-example-app] Extracting cached content payload context for artifact: [../components/Profile]
[ERROR] [react-redux-realworld-example-app] Failed to acquire local content stream for asset reference [../components/Profile]: File not found in zip.
[INFO] [react-redux-realworld-example-app] Extracting cached content payload context for artifact: [src/reducers/settings.js]
[INFO] [react-redux-realworld-example-app] Successfully tracked code profile mapping dictionary entry for artifact path: [src/reducers/settings.js]
[INFO] [react-redux-realworld-example-app] Extracting cached content payload context for artifact: [src/reducers/editor.js]
[INFO] [react-redux-realworld-example-app] Successfully tracked code profile mapping dictionary entry for artifact path: [src/reducers/editor.js]
[INFO] [react-redux-realworld-example-app] Extracting cached content payload context for artifact: [src/components/Header.js]
[INFO] [react-redux-realworld-example-app] Successfully tracked code profile mapping dictionary entry for artifact path: [src/components/Header.js]
[INFO] [react-redux-realworld-example-app] Extracting cached content payload context for artifact: [../components/Login]
[ERROR] [react-redux-realworld-example-app] Failed to acquire local content stream for asset reference [../components/Login]: File not found in zip.
[INFO] [react-redux-realworld-example-app] Extracting cached content payload context for artifact: [../components/Settings]
[ERROR] [react-redux-realworld-example-app] Failed to acquire local content stream for asset reference [../components/Settings]: File not found in zip.
[INFO] [react-redux-realworld-example-app] Extracting cached content payload context for artifact: [../components/Article]
[ERROR] [react-redux-realworld-example-app] Failed to acquire local content stream for asset reference [../components/Article]: File not found in zip.
[INFO] [react-redux-realworld-example-app] Extracting cached content payload context for artifact: [../components/Register]
[ERROR] [react-redux-realworld-example-app] Failed to acquire local content stream for asset reference [../components/Register]: File not found in zip.
[INFO] [react-redux-realworld-example-app] Extracting cached content payload context for artifact: [../store]
[ERROR] [react-redux-realworld-example-app] Failed to acquire local content stream for asset reference [../store]: File not found in zip.
[INFO] [react-redux-realworld-example-app] Extracting cached content payload context for artifact: [../constants/actionTypes]
[ERROR] [react-redux-realworld-example-app] Failed to acquire local content stream for asset reference [../constants/actionTypes]: File not found in zip.
[INFO] [react-redux-realworld-example-app] Extracting cached content payload context for artifact: [src/components/Editor.js]
[INFO] [react-redux-realworld-example-app] Successfully tracked code profile mapping dictionary entry for artifact path: [src/components/Editor.js]
[INFO] [react-redux-realworld-example-app] Extracting cached content payload context for artifact: [../components/Editor]
[ERROR] [react-redux-realworld-example-app] Failed to acquire local content stream for asset reference [../components/Editor]: File not found in zip.
[INFO] [react-redux-realworld-example-app] Extracting cached content payload context for artifact: [../components/ProfileFavorites]
[ERROR] [react-redux-realworld-example-app] Failed to acquire local content stream for asset reference [../components/ProfileFavorites]: File not found in zip.
[INFO] [react-redux-realworld-example-app] Extracting cached content payload context for artifact: [../components/Home]
[ERROR] [react-redux-realworld-example-app] Failed to acquire local content stream for asset reference [../components/Home]: File not found in zip.
[INFO] [react-redux-realworld-example-app] Extracting cached content payload context for artifact: [../agent]
[ERROR] [react-redux-realworld-example-app] Failed to acquire local content stream for asset reference [../agent]: File not found in zip.
[INFO] [react-redux-realworld-example-app] Extracting cached content payload context for artifact: [src/reducers/profile.js]
[INFO] [react-redux-realworld-example-app] Successfully tracked code profile mapping dictionary entry for artifact path: [src/reducers/profile.js]
[INFO] [react-redux-realworld-example-app] Extracting cached content payload context for artifact: [./CommentInput]
[ERROR] [react-redux-realworld-example-app] Failed to acquire local content stream for asset reference [./CommentInput]: File not found in zip.
[INFO] [react-redux-realworld-example-app] Extracting cached content payload context for artifact: [./CommentList]
[ERROR] [react-redux-realworld-example-app] Failed to acquire local content stream for asset reference [./CommentList]: File not found in zip.
[INFO] [react-redux-realworld-example-app] Extracting cached content payload context for artifact: [./CommentContainer]
[ERROR] [react-redux-realworld-example-app] Failed to acquire local content stream for asset reference [./CommentContainer]: File not found in zip.
[INFO] [react-redux-realworld-example-app] Extracting cached content payload context for artifact: [src/components/Home/Banner.js]
[INFO] [react-redux-realworld-example-app] Successfully tracked code profile mapping dictionary entry for artifact path: [src/components/Home/Banner.js]
[INFO] [react-redux-realworld-example-app] Extracting cached content payload context for artifact: [./ArticleMeta]
[ERROR] [react-redux-realworld-example-app] Failed to acquire local content stream for asset reference [./ArticleMeta]: File not found in zip.
[INFO] [react-redux-realworld-example-app] Extracting cached content payload context for artifact: [src/components/ArticleList.js]
[INFO] [react-redux-realworld-example-app] Successfully tracked code profile mapping dictionary entry for artifact path: [src/components/ArticleList.js]
[INFO] [react-redux-realworld-example-app] Extracting cached content payload context for artifact: [src/reducers/articleList.js]
[INFO] [react-redux-realworld-example-app] Successfully tracked code profile mapping dictionary entry for artifact path: [src/reducers/articleList.js]
[INFO] [react-redux-realworld-example-app] Extracting cached content payload context for artifact: [../ArticleList]
[ERROR] [react-redux-realworld-example-app] Failed to acquire local content stream for asset reference [../ArticleList]: File not found in zip.
[INFO] [react-redux-realworld-example-app] Extracting cached content payload context for artifact: [./Comment]
[ERROR] [react-redux-realworld-example-app] Failed to acquire local content stream for asset reference [./Comment]: File not found in zip.
[INFO] [react-redux-realworld-example-app] Extracting cached content payload context for artifact: [./constants/actionTypes]
[ERROR] [react-redux-realworld-example-app] Failed to acquire local content stream for asset reference [./constants/actionTypes]: File not found in zip.
[INFO] [react-redux-realworld-example-app] Extracting cached content payload context for artifact: [./agent]
[ERROR] [react-redux-realworld-example-app] Failed to acquire local content stream for asset reference [./agent]: File not found in zip.
[INFO] [react-redux-realworld-example-app] Extracting cached content payload context for artifact: [./ArticleList]
[ERROR] [react-redux-realworld-example-app] Failed to acquire local content stream for asset reference [./ArticleList]: File not found in zip.
[INFO] [react-redux-realworld-example-app] Extracting cached content payload context for artifact: [./MainView]
[ERROR] [react-redux-realworld-example-app] Failed to acquire local content stream for asset reference [./MainView]: File not found in zip.
[INFO] [react-redux-realworld-example-app] Extracting cached content payload context for artifact: [./Tags]
[ERROR] [react-redux-realworld-example-app] Failed to acquire local content stream for asset reference [./Tags]: File not found in zip.
[INFO] [react-redux-realworld-example-app] Extracting cached content payload context for artifact: [./Banner]
[ERROR] [react-redux-realworld-example-app] Failed to acquire local content stream for asset reference [./Banner]: File not found in zip.
[INFO] [react-redux-realworld-example-app] Extracting cached content payload context for artifact: [src/reducer.js]
[INFO] [react-redux-realworld-example-app] Successfully tracked code profile mapping dictionary entry for artifact path: [src/reducer.js]
[INFO] [react-redux-realworld-example-app] Extracting cached content payload context for artifact: [./reducer]
[ERROR] [react-redux-realworld-example-app] Failed to acquire local content stream for asset reference [./reducer]: File not found in zip.
[INFO] [react-redux-realworld-example-app] Extracting cached content payload context for artifact: [redux-devtools-extension/developmentOnly]
[ERROR] [react-redux-realworld-example-app] Failed to acquire local content stream for asset reference [redux-devtools-extension/developmentOnly]: File not found in zip.
[INFO] [react-redux-realworld-example-app] Extracting cached content payload context for artifact: [history/createBrowserHistory]
[ERROR] [react-redux-realworld-example-app] Failed to acquire local content stream for asset reference [history/createBrowserHistory]: File not found in zip.
[INFO] [react-redux-realworld-example-app] Extracting cached content payload context for artifact: [./middleware]
[ERROR] [react-redux-realworld-example-app] Failed to acquire local content stream for asset reference [./middleware]: File not found in zip.
[INFO] [react-redux-realworld-example-app] Extracting cached content payload context for artifact: [./ListErrors]
[ERROR] [react-redux-realworld-example-app] Failed to acquire local content stream for asset reference [./ListErrors]: File not found in zip.
[INFO] Successfully populated 34 objects into tracking matrix structure for repository 'react-redux-realworld-example-app'.
[INFO] Pacing boundaries active. Pausing operations for 20s to safeguard API Gateway pool context limits...
[INFO] --- [PHASE 2] Processing Repository: node-express-realworld-example-app (Branch: master) ---
[INFO] Phase 2 - Step 1 [node-express-realworld-example-app]: Sending request to AAVA Search Endpoint (Attempt 1/3)...
[INFO] [node-express-realworld-example-app] Successfully retrieved structural payload with 39 records from search.
[INFO] Phase 2 - Step 2 [node-express-realworld-example-app]: Evaluating structural records against similarity boundaries (>= 0.01)...
[INFO] [node-express-realworld-example-app] Accepted path [Similarity: 10.0323]: src/app/routes/article/article.service.ts
[INFO] [node-express-realworld-example-app] Accepted path [Similarity: 10.0169]: src/prisma/migrations/20211001143221_implicit_tags/migration.sql
[INFO] [node-express-realworld-example-app] Accepted path [Similarity: 10.0113]: src/app/routes/article/article.controller.ts
[INFO] [node-express-realworld-example-app] Accepted path [Similarity: 9.9904]: src/tests/services/article.service.test.ts
[INFO] [node-express-realworld-example-app] Accepted path [Similarity: 0.0286]: src/prisma/migrations/20210924225358_initial/migration.sql
[INFO] [node-express-realworld-example-app] Accepted path [Similarity: 0.0283]: src/prisma/seed.ts
[INFO] [node-express-realworld-example-app] Accepted path [Similarity: 0.0268]: jest.config.ts
[INFO] [node-express-realworld-example-app] Accepted path [Similarity: 0.0257]: src/tests/services/profile.service.test.ts
[INFO] [node-express-realworld-example-app] Accepted path [Similarity: 0.0250]: e2e/jest.config.ts
[INFO] [node-express-realworld-example-app] Accepted path [Similarity: 0.0246]: e2e/src/support/global-setup.ts
[INFO] [node-express-realworld-example-app] Accepted path [Similarity: 0.0241]: src/tests/services/auth.service.test.ts
[INFO] [node-express-realworld-example-app] Accepted path [Similarity: 0.0238]: src/app/routes/article/comment.model.ts
[INFO] [node-express-realworld-example-app] Accepted path [Similarity: 0.0238]: src/tests/utils/profile.utils.test.ts
[INFO] [node-express-realworld-example-app] Accepted path [Similarity: 0.0233]: src/app/routes/auth/auth.controller.ts
[INFO] [node-express-realworld-example-app] Accepted path [Similarity: 0.0220]: src/app/routes/profile/profile.service.ts
[INFO] [node-express-realworld-example-app] Accepted path [Similarity: 0.0219]: src/app/routes/tag/tag.service.ts
[INFO] [node-express-realworld-example-app] Accepted path [Similarity: 0.0218]: src/app/routes/auth/user-request.d.ts
[INFO] [node-express-realworld-example-app] Extracted 17 completely unique candidate filepath locations.
[INFO] Phase 2 - Step 3 [node-express-realworld-example-app]: Filtering paths matching targeting extension whitelist...
[INFO] [node-express-realworld-example-app] Retained path allocation target matching runtime criteria: [src/app/routes/article/article.service.ts]
[INFO] [node-express-realworld-example-app] Retained path allocation target matching runtime criteria: [src/prisma/migrations/20211001143221_implicit_tags/migration.sql]
[INFO] [node-express-realworld-example-app] Retained path allocation target matching runtime criteria: [src/app/routes/article/article.controller.ts]
[INFO] [node-express-realworld-example-app] Retained path allocation target matching runtime criteria: [src/tests/services/article.service.test.ts]
[INFO] [node-express-realworld-example-app] Retained path allocation target matching runtime criteria: [src/prisma/migrations/20210924225358_initial/migration.sql]
[INFO] [node-express-realworld-example-app] Retained path allocation target matching runtime criteria: [src/prisma/seed.ts]
[INFO] [node-express-realworld-example-app] Retained path allocation target matching runtime criteria: [jest.config.ts]
[INFO] [node-express-realworld-example-app] Retained path allocation target matching runtime criteria: [src/tests/services/profile.service.test.ts]
[INFO] [node-express-realworld-example-app] Retained path allocation target matching runtime criteria: [e2e/jest.config.ts]
[INFO] [node-express-realworld-example-app] Retained path allocation target matching runtime criteria: [e2e/src/support/global-setup.ts]
[INFO] [node-express-realworld-example-app] Retained path allocation target matching runtime criteria: [src/tests/services/auth.service.test.ts]
[INFO] [node-express-realworld-example-app] Retained path allocation target matching runtime criteria: [src/app/routes/article/comment.model.ts]
[INFO] [node-express-realworld-example-app] Retained path allocation target matching runtime criteria: [src/tests/utils/profile.utils.test.ts]
[INFO] [node-express-realworld-example-app] Retained path allocation target matching runtime criteria: [src/app/routes/auth/auth.controller.ts]
[INFO] [node-express-realworld-example-app] Retained path allocation target matching runtime criteria: [src/app/routes/profile/profile.service.ts]
[INFO] [node-express-realworld-example-app] Retained path allocation target matching runtime criteria: [src/app/routes/tag/tag.service.ts]
[INFO] [node-express-realworld-example-app] Retained path allocation target matching runtime criteria: [src/app/routes/auth/user-request.d.ts]
[INFO] Phase 2 - Step 3 Completed [node-express-realworld-example-app]: Consolidated 17 paths for source code payload downstream consumption.
[INFO] --- Phase 2 - Step 4 [Expansion]: Looking up dependencies for 'node-express-realworld-example-app' ---
[INFO] [node-express-realworld-example-app] Expanding [src/app/routes/article/article.service.ts] with 19 intra-repo dependencies.
[INFO] [node-express-realworld-example-app] Expanding [src/prisma/migrations/20211001143221_implicit_tags/migration.sql] with 5 intra-repo dependencies.
[INFO] [node-express-realworld-example-app] Expanding [src/app/routes/article/article.controller.ts] with 8 intra-repo dependencies.
[INFO] [node-express-realworld-example-app] Expanding [src/tests/services/article.service.test.ts] with 11 intra-repo dependencies.
[INFO] [node-express-realworld-example-app] Expanding [src/prisma/migrations/20210924225358_initial/migration.sql] with 7 intra-repo dependencies.
[INFO] [node-express-realworld-example-app] Expanding [src/prisma/seed.ts] with 13 intra-repo dependencies.
[INFO] [node-express-realworld-example-app] Expanding [jest.config.ts] with 3 intra-repo dependencies.
[INFO] [node-express-realworld-example-app] Expanding [src/tests/services/profile.service.test.ts] with 10 intra-repo dependencies.
[INFO] [node-express-realworld-example-app] Expanding [e2e/jest.config.ts] with 6 intra-repo dependencies.
[INFO] [node-express-realworld-example-app] Expanding [src/tests/services/auth.service.test.ts] with 5 intra-repo dependencies.
[INFO] [node-express-realworld-example-app] Expanding [src/app/routes/article/comment.model.ts] with 6 intra-repo dependencies.
[INFO] [node-express-realworld-example-app] Expanding [src/tests/utils/profile.utils.test.ts] with 7 intra-repo dependencies.
[INFO] [node-express-realworld-example-app] Expanding [src/app/routes/auth/auth.controller.ts] with 2 intra-repo dependencies.
[INFO] [node-express-realworld-example-app] Expanding [src/app/routes/profile/profile.service.ts] with 10 intra-repo dependencies.
[INFO] [node-express-realworld-example-app] Expanding [src/app/routes/tag/tag.service.ts] with 9 intra-repo dependencies.
[INFO] [node-express-realworld-example-app] Final expanded file count to fetch: 56 (Original Search matches: 17)
[INFO] Phase 2 - Step 5 [node-express-realworld-example-app]: Beginning local extraction of source file content payloads from memory zip cache...
[INFO] [node-express-realworld-example-app] Extracting cached content payload context for artifact: [src/app/routes/article/article.service.ts]
[INFO] [node-express-realworld-example-app] Successfully tracked code profile mapping dictionary entry for artifact path: [src/app/routes/article/article.service.ts]
[INFO] [node-express-realworld-example-app] Extracting cached content payload context for artifact: [src/prisma/migrations/20211001143221_implicit_tags/migration.sql]
[INFO] [node-express-realworld-example-app] Successfully tracked code profile mapping dictionary entry for artifact path: [src/prisma/migrations/20211001143221_implicit_tags/migration.sql]
[INFO] [node-express-realworld-example-app] Extracting cached content payload context for artifact: [src/app/routes/article/article.controller.ts]
[INFO] [node-express-realworld-example-app] Successfully tracked code profile mapping dictionary entry for artifact path: [src/app/routes/article/article.controller.ts]
[INFO] [node-express-realworld-example-app] Extracting cached content payload context for artifact: [src/tests/services/article.service.test.ts]
[INFO] [node-express-realworld-example-app] Successfully tracked code profile mapping dictionary entry for artifact path: [src/tests/services/article.service.test.ts]
[INFO] [node-express-realworld-example-app] Extracting cached content payload context for artifact: [src/prisma/migrations/20210924225358_initial/migration.sql]
[INFO] [node-express-realworld-example-app] Successfully tracked code profile mapping dictionary entry for artifact path: [src/prisma/migrations/20210924225358_initial/migration.sql]
[INFO] [node-express-realworld-example-app] Extracting cached content payload context for artifact: [src/prisma/seed.ts]
[INFO] [node-express-realworld-example-app] Successfully tracked code profile mapping dictionary entry for artifact path: [src/prisma/seed.ts]
[INFO] [node-express-realworld-example-app] Extracting cached content payload context for artifact: [jest.config.ts]
[INFO] [node-express-realworld-example-app] Successfully tracked code profile mapping dictionary entry for artifact path: [jest.config.ts]
[INFO] [node-express-realworld-example-app] Extracting cached content payload context for artifact: [src/tests/services/profile.service.test.ts]
[INFO] [node-express-realworld-example-app] Successfully tracked code profile mapping dictionary entry for artifact path: [src/tests/services/profile.service.test.ts]
[INFO] [node-express-realworld-example-app] Extracting cached content payload context for artifact: [e2e/jest.config.ts]
[INFO] [node-express-realworld-example-app] Successfully tracked code profile mapping dictionary entry for artifact path: [e2e/jest.config.ts]
[INFO] [node-express-realworld-example-app] Extracting cached content payload context for artifact: [e2e/src/support/global-setup.ts]
[INFO] [node-express-realworld-example-app] Successfully tracked code profile mapping dictionary entry for artifact path: [e2e/src/support/global-setup.ts]
[INFO] [node-express-realworld-example-app] Extracting cached content payload context for artifact: [src/tests/services/auth.service.test.ts]
[INFO] [node-express-realworld-example-app] Successfully tracked code profile mapping dictionary entry for artifact path: [src/tests/services/auth.service.test.ts]
[INFO] [node-express-realworld-example-app] Extracting cached content payload context for artifact: [src/app/routes/article/comment.model.ts]
[INFO] [node-express-realworld-example-app] Successfully tracked code profile mapping dictionary entry for artifact path: [src/app/routes/article/comment.model.ts]
[INFO] [node-express-realworld-example-app] Extracting cached content payload context for artifact: [src/tests/utils/profile.utils.test.ts]
[INFO] [node-express-realworld-example-app] Successfully tracked code profile mapping dictionary entry for artifact path: [src/tests/utils/profile.utils.test.ts]
[INFO] [node-express-realworld-example-app] Extracting cached content payload context for artifact: [src/app/routes/auth/auth.controller.ts]
[INFO] [node-express-realworld-example-app] Successfully tracked code profile mapping dictionary entry for artifact path: [src/app/routes/auth/auth.controller.ts]
[INFO] [node-express-realworld-example-app] Extracting cached content payload context for artifact: [src/app/routes/profile/profile.service.ts]
[INFO] [node-express-realworld-example-app] Successfully tracked code profile mapping dictionary entry for artifact path: [src/app/routes/profile/profile.service.ts]
[INFO] [node-express-realworld-example-app] Extracting cached content payload context for artifact: [src/app/routes/tag/tag.service.ts]
[INFO] [node-express-realworld-example-app] Successfully tracked code profile mapping dictionary entry for artifact path: [src/app/routes/tag/tag.service.ts]
[INFO] [node-express-realworld-example-app] Extracting cached content payload context for artifact: [src/app/routes/auth/user-request.d.ts]
[INFO] [node-express-realworld-example-app] Successfully tracked code profile mapping dictionary entry for artifact path: [src/app/routes/auth/user-request.d.ts]
[INFO] [node-express-realworld-example-app] Extracting cached content payload context for artifact: [../profile/profile.utils]
[ERROR] [node-express-realworld-example-app] Failed to acquire local content stream for asset reference [../profile/profile.utils]: File not found in zip.
[INFO] [node-express-realworld-example-app] Extracting cached content payload context for artifact: [src/prisma/prisma-client.ts]
[INFO] [node-express-realworld-example-app] Successfully tracked code profile mapping dictionary entry for artifact path: [src/prisma/prisma-client.ts]
[INFO] [node-express-realworld-example-app] Extracting cached content payload context for artifact: [src/app/routes/article/article.mapper.ts]
[INFO] [node-express-realworld-example-app] Successfully tracked code profile mapping dictionary entry for artifact path: [src/app/routes/article/article.mapper.ts]
[INFO] [node-express-realworld-example-app] Extracting cached content payload context for artifact: [src/app/models/http-exception.model.ts]
[INFO] [node-express-realworld-example-app] Successfully tracked code profile mapping dictionary entry for artifact path: [src/app/models/http-exception.model.ts]
[INFO] [node-express-realworld-example-app] Extracting cached content payload context for artifact: [../../models/http-exception.model]
[ERROR] [node-express-realworld-example-app] Failed to acquire local content stream for asset reference [../../models/http-exception.model]: File not found in zip.
[INFO] [node-express-realworld-example-app] Extracting cached content payload context for artifact: [src/app/routes/profile/profile.controller.ts]
[INFO] [node-express-realworld-example-app] Successfully tracked code profile mapping dictionary entry for artifact path: [src/app/routes/profile/profile.controller.ts]
[INFO] [node-express-realworld-example-app] Extracting cached content payload context for artifact: [./article.mapper]
[ERROR] [node-express-realworld-example-app] Failed to acquire local content stream for asset reference [./article.mapper]: File not found in zip.
[INFO] [node-express-realworld-example-app] Extracting cached content payload context for artifact: [src/app/routes/article/article.model.ts]
[INFO] [node-express-realworld-example-app] Successfully tracked code profile mapping dictionary entry for artifact path: [src/app/routes/article/article.model.ts]
[INFO] [node-express-realworld-example-app] Extracting cached content payload context for artifact: [src/app/routes/profile/profile.utils.ts]
[INFO] [node-express-realworld-example-app] Successfully tracked code profile mapping dictionary entry for artifact path: [src/app/routes/profile/profile.utils.ts]
[INFO] [node-express-realworld-example-app] Extracting cached content payload context for artifact: [src/app/routes/article/author.mapper.ts]
[INFO] [node-express-realworld-example-app] Successfully tracked code profile mapping dictionary entry for artifact path: [src/app/routes/article/author.mapper.ts]
[INFO] [node-express-realworld-example-app] Extracting cached content payload context for artifact: [../../../prisma/prisma-client]
[ERROR] [node-express-realworld-example-app] Failed to acquire local content stream for asset reference [../../../prisma/prisma-client]: File not found in zip.
[INFO] [node-express-realworld-example-app] Extracting cached content payload context for artifact: [../tag/tag.model]
[ERROR] [node-express-realworld-example-app] Failed to acquire local content stream for asset reference [../tag/tag.model]: File not found in zip.
[INFO] [node-express-realworld-example-app] Extracting cached content payload context for artifact: [src/app/routes/profile/profile.model.ts]
[INFO] [node-express-realworld-example-app] Successfully tracked code profile mapping dictionary entry for artifact path: [src/app/routes/profile/profile.model.ts]
[INFO] [node-express-realworld-example-app] Extracting cached content payload context for artifact: [../auth/auth]
[ERROR] [node-express-realworld-example-app] Failed to acquire local content stream for asset reference [../auth/auth]: File not found in zip.
[INFO] [node-express-realworld-example-app] Extracting cached content payload context for artifact: [./article.service]
[ERROR] [node-express-realworld-example-app] Failed to acquire local content stream for asset reference [./article.service]: File not found in zip.
[INFO] [node-express-realworld-example-app] Extracting cached content payload context for artifact: [../../app/routes/article/article.service]
[ERROR] [node-express-realworld-example-app] Failed to acquire local content stream for asset reference [../../app/routes/article/article.service]: File not found in zip.
[INFO] [node-express-realworld-example-app] Extracting cached content payload context for artifact: [src/app/routes/auth/token.utils.ts]
[INFO] [node-express-realworld-example-app] Successfully tracked code profile mapping dictionary entry for artifact path: [src/app/routes/auth/token.utils.ts]
[INFO] [node-express-realworld-example-app] Extracting cached content payload context for artifact: [../prisma-mock]
[ERROR] [node-express-realworld-example-app] Failed to acquire local content stream for asset reference [../prisma-mock]: File not found in zip.
[INFO] [node-express-realworld-example-app] Extracting cached content payload context for artifact: [src/app/routes/routes.ts]
[INFO] [node-express-realworld-example-app] Successfully tracked code profile mapping dictionary entry for artifact path: [src/app/routes/routes.ts]
[INFO] [node-express-realworld-example-app] Extracting cached content payload context for artifact: [src/tests/prisma-mock.ts]
[INFO] [node-express-realworld-example-app] Successfully tracked code profile mapping dictionary entry for artifact path: [src/tests/prisma-mock.ts]
[INFO] [node-express-realworld-example-app] Extracting cached content payload context for artifact: [@prisma/client]
[ERROR] [node-express-realworld-example-app] Failed to acquire local content stream for asset reference [@prisma/client]: File not found in zip.
[INFO] [node-express-realworld-example-app] Extracting cached content payload context for artifact: [src/app/routes/auth/registered-user.model.ts]
[INFO] [node-express-realworld-example-app] Successfully tracked code profile mapping dictionary entry for artifact path: [src/app/routes/auth/registered-user.model.ts]
[INFO] [node-express-realworld-example-app] Extracting cached content payload context for artifact: [../app/routes/auth/auth.service]
[ERROR] [node-express-realworld-example-app] Failed to acquire local content stream for asset reference [../app/routes/auth/auth.service]: File not found in zip.
[INFO] [node-express-realworld-example-app] Extracting cached content payload context for artifact: [../app/routes/article/article.service]
[ERROR] [node-express-realworld-example-app] Failed to acquire local content stream for asset reference [../app/routes/article/article.service]: File not found in zip.
[INFO] [node-express-realworld-example-app] Extracting cached content payload context for artifact: [../app/routes/auth/registered-user.model]
[ERROR] [node-express-realworld-example-app] Failed to acquire local content stream for asset reference [../app/routes/auth/registered-user.model]: File not found in zip.
[INFO] [node-express-realworld-example-app] Extracting cached content payload context for artifact: [@ngneat/falso]
[ERROR] [node-express-realworld-example-app] Failed to acquire local content stream for asset reference [@ngneat/falso]: File not found in zip.
[INFO] [node-express-realworld-example-app] Extracting cached content payload context for artifact: [e2e/tsconfig.spec.json]
[INFO] [node-express-realworld-example-app] Successfully tracked code profile mapping dictionary entry for artifact path: [e2e/tsconfig.spec.json]
[INFO] [node-express-realworld-example-app] Extracting cached content payload context for artifact: [e2e/tsconfig.json]
[INFO] [node-express-realworld-example-app] Successfully tracked code profile mapping dictionary entry for artifact path: [e2e/tsconfig.json]
[INFO] [node-express-realworld-example-app] Extracting cached content payload context for artifact: [.vscode/extensions.json]
[INFO] [node-express-realworld-example-app] Successfully tracked code profile mapping dictionary entry for artifact path: [.vscode/extensions.json]
[INFO] [node-express-realworld-example-app] Extracting cached content payload context for artifact: [../../app/routes/profile/profile.service]
[ERROR] [node-express-realworld-example-app] Failed to acquire local content stream for asset reference [../../app/routes/profile/profile.service]: File not found in zip.
[INFO] [node-express-realworld-example-app] Extracting cached content payload context for artifact: [e2e/src/support/test-setup.ts]
[INFO] [node-express-realworld-example-app] Successfully tracked code profile mapping dictionary entry for artifact path: [e2e/src/support/test-setup.ts]
[INFO] [node-express-realworld-example-app] Extracting cached content payload context for artifact: [e2e/src/support/global-teardown.ts]
[INFO] [node-express-realworld-example-app] Successfully tracked code profile mapping dictionary entry for artifact path: [e2e/src/support/global-teardown.ts]
[INFO] [node-express-realworld-example-app] Extracting cached content payload context for artifact: [../../app/routes/auth/auth.service]
[ERROR] [node-express-realworld-example-app] Failed to acquire local content stream for asset reference [../../app/routes/auth/auth.service]: File not found in zip.
[INFO] [node-express-realworld-example-app] Extracting cached content payload context for artifact: [./article.model]
[ERROR] [node-express-realworld-example-app] Failed to acquire local content stream for asset reference [./article.model]: File not found in zip.
[INFO] [node-express-realworld-example-app] Extracting cached content payload context for artifact: [../../app/routes/profile/profile.utils]
[ERROR] [node-express-realworld-example-app] Failed to acquire local content stream for asset reference [../../app/routes/profile/profile.utils]: File not found in zip.
[INFO] [node-express-realworld-example-app] Extracting cached content payload context for artifact: [./auth]
[ERROR] [node-express-realworld-example-app] Failed to acquire local content stream for asset reference [./auth]: File not found in zip.
[INFO] [node-express-realworld-example-app] Extracting cached content payload context for artifact: [./auth.service]
[ERROR] [node-express-realworld-example-app] Failed to acquire local content stream for asset reference [./auth.service]: File not found in zip.
[INFO] [node-express-realworld-example-app] Extracting cached content payload context for artifact: [./profile.utils]
[ERROR] [node-express-realworld-example-app] Failed to acquire local content stream for asset reference [./profile.utils]: File not found in zip.
[INFO] [node-express-realworld-example-app] Extracting cached content payload context for artifact: [./tag.model]
[ERROR] [node-express-realworld-example-app] Failed to acquire local content stream for asset reference [./tag.model]: File not found in zip.
[INFO] Successfully populated 34 objects into tracking matrix structure for repository 'node-express-realworld-example-app'.
[INFO] 
================ PHASE 3: HIGH LEVEL RCA AGENT (PHASE-3) FILTERING ================
[INFO] --- Starting Chunking Process for Phase-3 Agent ---
[INFO] Chunking complete. Created 1 independent code payload chunks.
[INFO] [Phase-3 Thread 1] Zipping payload and triggering Workflow 18914 (Max 2 Iterations)...
[INFO] [Phase-3 Thread 1] --- Starting Iteration 1 ---
[INFO] [Phase-3 Thread 1] Triggered successfully! Execution ID: 1a5bf37d-909b-42e8-bbe9-b6862aec0683. Starting poll...
[INFO] [Phase-3 Thread 1] Workflow SUCCESS! Parsing JSON output...
[INFO] [Phase-3 Thread 1] Iteration 1 parsed. Review Score: 45. Impacted files Count: 8
[WARNING] [Phase-3 Thread 1] Compliance failed (45 < 90). Feeding back to Agent...
[INFO] [Phase-3 Thread 1] --- Starting Iteration 2 ---
[INFO] [Phase-3 Thread 1] Triggered successfully! Execution ID: 9c790310-2832-47ca-ba99-5be6781ebe36. Starting poll...
[INFO] [Phase-3 Thread 1] Workflow SUCCESS! Parsing JSON output...
[INFO] [Phase-3 Thread 1] Iteration 2 parsed. Review Score: 100. Impacted files Count: 10
[INFO] [Phase-3 Thread 1] More than 90% compliance reached on iteration 2. Exiting loop.
[INFO] [Phase-3] Thread 1 completed. Extracted 10 surviving paths with scores.
[INFO] Phase-3 Complete! Total completely unique surviving paths across all chunks: 10
[INFO] ================ APPLYING BM25 RANKING (Top 50, Trim: False) ================
[INFO] BM25 query: Users can delete comments made by other users by sending a direct API request. How to test this in RCA_v17.py: Plain Text

Users are able to delete comments made by other users via direct API requests. The backend endpoint for deleting comments does not verify if the requester is the comment's author. The frontend needs to handle 403 Forbidden errors if this occurs.
[INFO] [react-redux-realworld-example-app] Preparing 5 files for BM25 scoring.
[INFO] [node-express-realworld-example-app] Preparing 4 files for BM25 scoring.
[INFO] BM25 corpus size: 9
[INFO] BM25 query tokens: ['users', 'can', 'delete', 'comments', 'made', 'by', 'other', 'users', 'by', 'sending', 'a', 'direct', 'api', 'request', 'how', 'to', 'test', 'this', 'in', 'rca_v17', 'py', 'plain', 'text', 'users', 'are', 'able', 'to', 'delete', 'comments', 'made', 'by', 'other', 'users', 'via', 'direct', 'api', 'requests', 'the', 'backend', 'endpoint', 'for', 'deleting', 'comments', 'does', 'not', 'verify', 'if', 'the', 'requester', 'is', 'the', 'comment', 's', 'author', 'the', 'frontend', 'needs', 'to', 'handle', '403', 'forbidden', 'errors', 'if', 'this', 'occurs']
[INFO] BM25 average document length: 357.22
[INFO] [BM25] Score: 28.0327 | Repo: node-express-realworld-example-app | File: src/app/routes/article/article.service.ts
[INFO] [BM25] Relevance Score: 100.0 | Repo: node-express-realworld-example-app | File: src/app/routes/article/article.service.ts
[INFO] [BM25] Score: 26.8688 | Repo: node-express-realworld-example-app | File: src/tests/services/article.service.test.ts
[INFO] [BM25] Relevance Score: 88.0 | Repo: node-express-realworld-example-app | File: src/tests/services/article.service.test.ts
[INFO] [BM25] Score: 26.4917 | Repo: react-redux-realworld-example-app | File: src/agent.js
[INFO] [BM25] Relevance Score: 65.0 | Repo: react-redux-realworld-example-app | File: src/agent.js
[INFO] [BM25] Score: 24.7214 | Repo: node-express-realworld-example-app | File: src/app/routes/article/article.controller.ts
[INFO] [BM25] Relevance Score: 95.0 | Repo: node-express-realworld-example-app | File: src/app/routes/article/article.controller.ts
[INFO] [BM25] Score: 14.6349 | Repo: node-express-realworld-example-app | File: src/prisma/migrations/20210924225358_initial/migration.sql
[INFO] [BM25] Relevance Score: 55.0 | Repo: node-express-realworld-example-app | File: src/prisma/migrations/20210924225358_initial/migration.sql
[INFO] [BM25] Score: 8.6108 | Repo: react-redux-realworld-example-app | File: src/components/Article/DeleteButton.js
[INFO] [BM25] Relevance Score: 70.0 | Repo: react-redux-realworld-example-app | File: src/components/Article/DeleteButton.js
[INFO] [BM25] Score: 8.4417 | Repo: react-redux-realworld-example-app | File: src/components/Article/Comment.js
[INFO] [BM25] Relevance Score: 58.0 | Repo: react-redux-realworld-example-app | File: src/components/Article/Comment.js
[INFO] [BM25] Score: 6.8111 | Repo: react-redux-realworld-example-app | File: src/reducers/article.js
[INFO] [BM25] Relevance Score: 86.0 | Repo: react-redux-realworld-example-app | File: src/reducers/article.js
[INFO] [BM25] Score: 2.6494 | Repo: react-redux-realworld-example-app | File: src/middleware.js
[INFO] [BM25] Relevance Score: 78.0 | Repo: react-redux-realworld-example-app | File: src/middleware.js
[INFO] BM25 Ranking complete. Retained top 9 files out of 9.
[INFO] SUCCESS: Exported filtered impact components configuration (with BM25) to: C:\Users\komal.jayadeva\Downloads\code gen\rca\v21_opt2\filtered_multi_repo_code_impact_code_bm25.json
[INFO] 
--- Phase 4: Triggering Deep Level RCA at 50000 tokens (Horizontal Iter: 0) ---
[INFO] ================ Phase 4, Step 1: Re Organization (Target: 50000 tokens) ================
[INFO] Phase 4 Complete. Selected 9 files out of 9 total available across 2 repositories.
[INFO] ================ Phase 4, Step 2: DEEP LEVEL WF CALL (Workflow: 18926) ================
[INFO] [Phase-4] Triggered successfully! Execution ID: b17137e8-ca8b-40c5-9775-c052686208b3. Starting poll...
[INFO] [Phase-4] Workflow SUCCESS! Parsing JSON output...
[WARNING] Review Score (75 <= 90) and MISSING FILE indicated. Expanding token knapsack (Vertical).
[INFO] Rubric Scorecard: DEEP LEVEL CODE REVIEW RUBRIC SCORECARD:

[FC-01] Functional Completeness - Requirement Fulfillment: -15 POINTS
The backend fix correctly removes the userId filter from the WHERE clause in deleteComment, allowing the function to fetch any comment by ID and then verify ownership. However, the fix is INCOMPLETE because it only addresses the backend authorization check. The requirement explicitly states 'The frontend needs to handle 403 Forbidden errors if this occurs.' While the frontend reducer was modified to handle errors in DELETE_COMMENT, there is NO visual component modification to actually DISPLAY the error to the user. The commentErrors state is set but there's no evidence that any UI component (like CommentList.js or CommentContainer.js) was updated to render these errors. This is a partial solution that passes backend validation but fails to fully implement the user-facing error handling requirement.

[FC-02] Functional Completeness - Syntax Correctness: 0 POINTS DEDUCTED
All code has valid TypeScript and JavaScript syntax. No syntax errors detected.

[OP-01] Operation Correctness - MODIFY Context: 0 POINTS DEDUCTED
The existing_code snippets in all three MODIFY operations exactly match the original source files from the payload. Verified against article.service.ts, article.service.test.ts, and article.js.

[OP-02] Operation Correctness - DEL Safety: NOT APPLICABLE
No DELETE operations were performed.

[OP-03] Operation Correctness - ADD Isolation: NOT APPLICABLE
No ADD operations were performed.

[CQ-01] Code Quality & Standards - Error Handling: 0 POINTS DEDUCTED
The backend deleteComment function properly throws HttpException for both 404 and 403 cases. The frontend reducer handles action.error appropriately. Database queries are already wrapped in Prisma's error handling mechanism.

[CQ-02] Code Quality & Standards - Logging Standards: -5 POINTS
The backend authorization check throws a 403 error but does NOT include any logging for this security-critical event. When a user attempts to delete another user's comment (unauthorized access attempt), this should be logged for security auditing purposes. The existing codebase shows no logging infrastructure, but for a security violation of this nature, at minimum a console.error or similar mechanism should be added.

[CQ-03] Code Quality & Standards - Naming Conventions: 0 POINTS DEDUCTED
All variable and function names follow existing conventions in the codebase (camelCase for variables, descriptive names).

[SE-01] Security & Safety - No Hardcoded Secrets: 0 POINTS DEDUCTED
No hardcoded passwords, API keys, or secrets introduced.

[SE-02] Security & Safety - Input Validation: 0 POINTS DEDUCTED
The deleteComment function properly validates that the requester (userId) matches the comment author ID before allowing deletion. This is the core security fix required by the vulnerability.

[TOTAL DEDUCTIONS: -20 POINTS]
[FINAL RUBRIC SCORE: 80/100]
[INFO] Review Feedback: CRITICAL ISSUES REQUIRING IMMEDIATE ATTENTION:

1. INCOMPLETE FRONTEND ERROR HANDLING (FC-01 Violation - Partial): The requirement explicitly states 'The frontend needs to handle 403 Forbidden errors if this occurs.' While you modified the article.js reducer to set commentErrors when action.error is true, you have NOT modified any UI components to actually DISPLAY these errors to the user. The commentErrors state is being set but never rendered. You MUST modify either CommentList.js or CommentContainer.js to:
   - Import and display the commentErrors from the Redux state
   - Show an error message when a 403 occurs (e.g., 'You are not authorized to delete this comment')
   - Clear the error after a timeout or user acknowledgment

2. MISSING SECURITY LOGGING (CQ-02 Violation): The deleteComment function in article.service.ts throws a 403 error when unauthorized deletion is attempted, but there is NO logging of this security event. Add logging before throwing the 403 exception:
   ```typescript
   if (comment.author.id !== userId) {
     console.error(`Unauthorized comment deletion attempt: User ${userId} tried to delete comment ${id} owned by user ${comment.author.id}`);
     throw new HttpException(403, {
       message: 'You are not authorized to delete this comment',
     });
   }
   ```

3. TEST COVERAGE ENHANCEMENT: While you added two new test cases for deleteComment (forbidden error and successful deletion), you should also add an integration test that verifies the entire flow: API request -> 403 response -> frontend error handling -> UI error display.

4. BACKEND FIX VERIFICATION: The core backend fix (removing userId from the WHERE clause in prisma.comment.findFirst) is CORRECT and properly implements the authorization check. This successfully prevents unauthorized comment deletion.

ACTION REQUIRED: Add the missing UI error display component modifications and security logging to achieve a complete solution. The current implementation is 70% complete - backend is secure but frontend user experience is incomplete.
[WARNING] Reviewer specifically requested missing files: ['react-redux-realworld-example-app/src/components/Article/CommentList.js', 'react-redux-realworld-example-app/src/components/Article/CommentContainer.js']
[INFO] Successfully injected missing file 'src/components/Article/CommentList.js' into repo 'react-redux-realworld-example-app' payload.
[INFO] Successfully injected missing file 'src/components/Article/CommentContainer.js' into repo 'react-redux-realworld-example-app' payload.
[INFO] 
--- Phase 4: Triggering Deep Level RCA at 500000 tokens (Horizontal Iter: 0) ---
[INFO] ================ Phase 4, Step 1: Re Organization (Target: 500000 tokens) ================
[INFO] Phase 4 Complete. Selected 9 files out of 9 total available across 2 repositories.
[INFO] ================ Phase 4, Step 2: DEEP LEVEL WF CALL (Workflow: 18926) ================
[INFO] [Phase-4] Triggered successfully! Execution ID: db44005c-baa5-4015-873e-5522cd912add. Starting poll...
[INFO] [Phase-4] Workflow SUCCESS! Parsing JSON output...
[INFO] SUCCESS: Review Score (95 > 90). Exiting loop.
[INFO] Rubric Scorecard: RUBRIC EVALUATION SCORECARD:

[FC-01] Functional Completeness - Requirement Fulfillment (-25 points): PASS (0 points deducted)
- The backend deleteComment function correctly removes the userId filter from the WHERE clause in prisma.comment.findFirst, allowing it to fetch any comment by ID regardless of author
- Authorization check is properly implemented by comparing comment.author.id !== userId after fetching
- Security logging added with console.error before throwing 403 exception
- Frontend reducer handles DELETE_COMMENT errors and sets commentErrors state
- CommentContainer component displays error messages to users
- Article index.js passes commentErrors prop correctly
- All requirements from QUERY and FEEDBACK are addressed

[FC-02] Functional Completeness - Syntax Correctness (-15 points): PASS (0 points deducted)
- All TypeScript syntax is valid in article.service.ts
- All JavaScript syntax is valid in React components and reducers
- Proper import statements, function declarations, and control flow
- No syntax errors detected

[OP-01] Operation Correctness - MODIFY Context (-15 points): PASS (0 points deducted)
- All existing_code snippets match the original source files exactly
- The deleteComment function's existing code matches the original implementation
- All React component existing_code matches source files
- Reducer existing_code matches original

[OP-02] Operation Correctness - DEL Safety (-20 points): NOT APPLICABLE (0 points deducted)
- No DELETE operations in the code_changes

[OP-03] Operation Correctness - ADD Isolation (-15 points): NOT APPLICABLE (0 points deducted)
- No ADD operations in the code_changes

[CQ-01] Code Quality & Standards - Error Handling (-10 points): PASS (0 points deducted)
- Backend properly throws HttpException with 403 status for unauthorized access
- Backend properly throws HttpException with 404 status for missing comments
- Frontend reducer handles action.error properly in DELETE_COMMENT case
- Error handling is comprehensive and appropriate

[CQ-02] Code Quality & Standards - Logging Standards (-5 points): PASS (0 points deducted)
- Security logging added with console.error in deleteComment function
- Log message includes relevant context: userId, commentId, and actual owner ID
- Logging occurs before throwing the 403 exception as required by FEEDBACK

[CQ-03] Code Quality & Standards - Naming Conventions (-5 points): PASS (0 points deducted)
- Variable names follow existing conventions (commentErrors, errorMessages, getCommentErrorMessages)
- Function names are descriptive and follow camelCase
- Consistent with existing codebase patterns

[SE-01] Security & Safety - No Hardcoded Secrets (-40 points): PASS (0 points deducted)
- No hardcoded passwords, API keys, or secrets in any of the code changes

[SE-02] Security & Safety - Input Validation (-15 points): PASS (0 points deducted)
- The deleteComment function validates that the comment exists before proceeding
- Authorization check ensures only the comment author can delete
- Input validation is appropriate for the security fix

TOTAL PENALTY POINTS: 0
BASE SCORE: 100
RUBRIC SCORE: 100
[INFO] Review Feedback: EXCELLENT WORK - All previous feedback has been successfully incorporated. The solution is now complete and production-ready.

SUCCESSFULLY ADDRESSED ITEMS:

1. BACKEND SECURITY FIX (COMPLETE): The deleteComment function in article.service.ts now correctly removes the userId constraint from the WHERE clause in prisma.comment.findFirst. The authorization check is properly implemented after fetching the comment, preventing unauthorized deletion attempts.

2. SECURITY LOGGING (COMPLETE): Added console.error logging before throwing the 403 exception in deleteComment. The log message includes all relevant context: userId attempting deletion, commentId, and the actual owner's userId. This satisfies CQ-02 requirements.

3. FRONTEND ERROR HANDLING (COMPLETE): The article.js reducer now properly handles DELETE_COMMENT errors by checking action.error and setting commentErrors state with appropriate error messages. The error state is cleared on successful deletion and on ARTICLE_PAGE_LOADED.

4. UI ERROR DISPLAY (COMPLETE): CommentContainer.js now includes a getCommentErrorMessages helper function that handles various error formats (arrays, objects with message property, nested error objects). Error messages are rendered in a styled error-messages div with proper list formatting. The component displays errors for both authenticated and unauthenticated users.

5. PROP PASSING (COMPLETE): Article index.js correctly passes commentErrors (not errors) as a prop to CommentContainer, ensuring the error state flows properly through the component hierarchy.

6. TEST COVERAGE (COMPLETE): Enhanced article.service.test.ts with three comprehensive test cases for deleteComment: (1) 404 when comment doesn't exist, (2) 403 when user tries to delete another user's comment, (3) successful deletion when user is the author. Tests verify both error conditions and successful flow.

CODE QUALITY OBSERVATIONS:
- All files are complete with no truncations
- Syntax is valid across TypeScript and JavaScript files
- Error handling is comprehensive and follows best practices
- Naming conventions are consistent with the existing codebase
- No security vulnerabilities introduced
- The solution addresses both backend security and frontend user experience

MINOR COVERAGE DEDUCTION RATIONALE:
The review_coverage_score is 95 (not 100) because while the solution is functionally complete, the FEEDBACK mentioned adding an integration test for the entire flow (API -> 403 -> frontend error -> UI display), which was not implemented. However, this is a nice-to-have enhancement rather than a critical requirement, and the unit tests provide adequate coverage for the core functionality.

The solution successfully prevents the security vulnerability where users could delete other users' comments via direct API requests, and provides clear user feedback when such attempts occur.
[INFO] Final Deep Level RCA Report exported to: C:\Users\komal.jayadeva\Downloads\code gen\rca\v21_opt2\final_deep_rca_report.json
[INFO] ================ PHASE 5: AUTO-PATCHING & ARTIFACT UPLOAD ================
[INFO] --- Phase 5 - Step 1: Automated GitHub Patching ---
[INFO] --- [Phase 5] Processing Repository: react-redux-realworld-example-app ---
[INFO] Created blob for file: src/reducers/article.js
[INFO] Created blob for file: src/components/Article/CommentContainer.js
[INFO] Created blob for file: src/components/Article/index.js
