[INFO] ================ Starting Automation Pipeline Execution Lifecycle RCA_19_3 ================
[INFO] ================ PHASE 0: JIRA INTEGRATION ================
[INFO] Fetching issue HAP-1499 from https://aavaqe.atlassian.net...
[INFO] Successfully fetched description for HAP-1499 (239 chars).
[INFO] Dynamically populated QUERY from Jira HAP-1499 : Implement a Draft feature for articles. Users should be able to save articles as drafts without publishing them.

The API needs a new database field to support this state, and the frontend needs a 'Save as Draft' button on the editor page.
[INFO] ================ PHASE 1: GLOBAL TOPOLOGY GENERATION ================
[INFO] --- [PHASE 1] Processing Repository: react-redux-realworld-example-app (Branch: master) ---
[INFO] Phase 1 - Step 1 [react-redux-realworld-example-app]: Fetching supported languages for repository SCpradhan/react-redux-realworld-example-app...
[INFO] [react-redux-realworld-example-app] Detected languages from GitHub: ['JavaScript', 'HTML']
[INFO] Phase 1 - Step 2 [react-redux-realworld-example-app]: Mapping language signatures to standard target extensions...
[INFO] [react-redux-realworld-example-app] Matched language [JavaScript] -> Registered extensions: ['.js', '.jsx', '.mjs', '.cjs']
[WARNING] [react-redux-realworld-example-app] Language [HTML] not present in standard target table. Discarding.
[INFO] [react-redux-realworld-example-app] Final targeting extension whitelist: ['.cjs', '.json', '.yml', '.xml', '.scss', '.svelte', '.yaml', '.astro', '.css', '.jsx', '.tsx', '.htm', '.vue', '.mjs', '.sql', '.js', '.less', '.prisma', '.sass', '.graphql', '.gql', '.html']
[INFO] [react-redux-realworld-example-app] Optimizing context pull: Downloading full repository zip archive...
[INFO] --- Phase 1 - Step 3 [react-redux-realworld-example-app]: Generating Language-Aware Intra-Repo Dependency Tree (Whitelisted Extensions Only) ---
[INFO]   [Whitelisted File Context] package.json ──► Links: ['src/agent.js']
[INFO]   [Whitelisted File Context] src/agent.js ──► Links: ['src/components/Register.js', 'src/components/Login.js', 'src/components/Profile.js', 'src/reducers/article.js', 'src/reducers/profile.js', 'src/components/Article/Comment.js']
[INFO]   [Whitelisted File Context] src/components/App.js ──► Links: ['src/components/Header.js', '../components/Home', '../components/Settings', '../agent', 'src/components/Login.js', 'src/reducers/article.js', '../components/Editor', 'src/reducers/profile.js', 'src/reducers/common.js', 'src/components/Settings.js', 'src/constants/actionTypes.js', '../components/ProfileFavorites', 'src/reducers/settings.js', 'src/components/ProfileFavorites.js', '../components/Profile', '../constants/actionTypes', 'src/components/Register.js', 'src/components/Profile.js', '../store', '../components/Login', '../components/Article', 'src/store.js', 'src/agent.js', 'src/components/Editor.js', '../components/Register', 'src/reducers/editor.js', './Header']
[INFO]   [Whitelisted File Context] src/components/Article/ArticleActions.js ──► Links: ['../../constants/actionTypes', 'src/agent.js', 'src/components/Editor.js', 'src/constants/actionTypes.js', 'src/reducers/editor.js', 'src/reducers/article.js', '../../agent']
[INFO]   [Whitelisted File Context] src/components/Article/ArticleMeta.js ──► Links: ['src/components/Article/ArticleActions.js', './ArticleActions', 'src/reducers/article.js']
[INFO]   [Whitelisted File Context] src/components/Article/Comment.js ──► Links: ['src/components/Article/DeleteButton.js', './DeleteButton']
[INFO]   [Whitelisted File Context] src/components/Article/CommentContainer.js ──► Links: ['./CommentList', 'src/components/Article/CommentList.js', 'src/components/Register.js', 'src/components/Article/CommentInput.js', 'src/components/Login.js', './CommentInput', 'src/reducers/article.js', 'src/components/Article/Comment.js']
[INFO]   [Whitelisted File Context] src/components/Article/CommentInput.js ──► Links: ['../../constants/actionTypes', 'src/agent.js', 'src/constants/actionTypes.js', '../../agent', 'src/components/Article/Comment.js']
[INFO]   [Whitelisted File Context] src/components/Article/CommentList.js ──► Links: ['./Comment', 'src/components/Article/Comment.js']
[INFO]   [Whitelisted File Context] src/components/Article/DeleteButton.js ──► Links: ['../../constants/actionTypes', 'src/agent.js', 'src/constants/actionTypes.js', '../../agent', 'src/components/Article/Comment.js']
[INFO]   [Whitelisted File Context] src/components/Article/index.js ──► Links: ['../../constants/actionTypes', 'src/reducers/common.js', 'src/agent.js', './ArticleMeta', 'src/constants/actionTypes.js', 'src/components/Home/Banner.js', 'src/components/Article/ArticleMeta.js', 'src/reducers/article.js', './CommentContainer', '../../agent', 'src/components/Article/Comment.js', 'src/components/Article/CommentContainer.js']
[INFO]   [Whitelisted File Context] src/components/ArticleList.js ──► Links: ['src/components/ArticlePreview.js', 'src/components/ListPagination.js', './ListPagination', 'src/reducers/articleList.js', 'src/reducers/article.js', './ArticlePreview']
[INFO]   [Whitelisted File Context] src/components/ArticlePreview.js ──► Links: ['../constants/actionTypes', 'src/agent.js', '../agent', 'src/constants/actionTypes.js', 'src/reducers/article.js']
[INFO]   [Whitelisted File Context] src/components/Editor.js ──► Links: ['../constants/actionTypes', 'src/agent.js', './ListErrors', '../agent', 'src/components/ListErrors.js', 'src/constants/actionTypes.js', 'src/reducers/editor.js', 'src/reducers/article.js']
[INFO]   [Whitelisted File Context] src/components/Header.js ──► Links: ['src/components/Editor.js', 'src/components/Register.js', 'src/components/Login.js', 'src/reducers/settings.js', 'src/reducers/editor.js', 'src/components/Settings.js']
[INFO]   [Whitelisted File Context] src/components/Home/MainView.js ──► Links: ['../../constants/actionTypes', 'src/reducers/common.js', 'src/agent.js', 'src/components/ArticleList.js', 'src/constants/actionTypes.js', 'src/reducers/articleList.js', 'src/reducers/article.js', '../../agent', '../ArticleList']
[INFO]   [Whitelisted File Context] src/components/Home/Tags.js ──► Links: ['../../agent', 'src/reducers/article.js', 'src/agent.js']
[INFO]   [Whitelisted File Context] src/components/Home/index.js ──► Links: ['./MainView', './Banner', './Tags', '../../constants/actionTypes', 'src/agent.js', 'src/reducers/common.js', 'src/constants/actionTypes.js', 'src/components/Home/Banner.js', 'src/components/Home/MainView.js', 'src/reducers/article.js', '../../agent']
[INFO]   [Whitelisted File Context] src/components/ListPagination.js ──► Links: ['../constants/actionTypes', 'src/agent.js', '../agent', 'src/constants/actionTypes.js', 'src/reducers/article.js']
[INFO]   [Whitelisted File Context] src/components/Login.js ──► Links: ['../constants/actionTypes', 'src/agent.js', './ListErrors', 'src/components/Register.js', '../agent', 'src/components/ListErrors.js', 'src/constants/actionTypes.js']
[INFO]   [Whitelisted File Context] src/components/Profile.js ──► Links: ['./ArticleList', '../constants/actionTypes', 'src/agent.js', 'src/components/ArticleList.js', '../agent', 'src/constants/actionTypes.js', 'src/reducers/settings.js', 'src/reducers/articleList.js', 'src/reducers/article.js', 'src/reducers/profile.js', 'src/components/Settings.js', 'src/reducers/common.js']
[INFO]   [Whitelisted File Context] src/components/ProfileFavorites.js ──► Links: ['./Profile', '../constants/actionTypes', 'src/agent.js', '../agent', 'src/components/Profile.js', 'src/constants/actionTypes.js', 'src/reducers/article.js', 'src/reducers/profile.js']
[INFO]   [Whitelisted File Context] src/components/Register.js ──► Links: ['../constants/actionTypes', 'src/agent.js', './ListErrors', '../agent', 'src/components/Login.js', 'src/components/ListErrors.js', 'src/constants/actionTypes.js']
[INFO]   [Whitelisted File Context] src/components/Settings.js ──► Links: ['../constants/actionTypes', 'src/agent.js', './ListErrors', '../agent', 'src/components/Profile.js', 'src/components/ListErrors.js', 'src/constants/actionTypes.js', 'src/reducers/settings.js', 'src/reducers/profile.js', 'src/reducers/common.js']
[INFO]   [Whitelisted File Context] src/constants/actionTypes.js ──► Links: ['src/components/Editor.js', 'src/components/Register.js', 'src/components/Login.js', 'src/components/Profile.js', 'src/reducers/settings.js', 'src/reducers/editor.js', 'src/reducers/article.js', 'src/reducers/profile.js', 'src/components/Settings.js', 'src/components/Article/Comment.js']
[INFO]   [Whitelisted File Context] src/index.js ──► Links: ['./store', './components/App', 'src/store.js']
[INFO]   [Whitelisted File Context] src/middleware.js ──► Links: ['src/agent.js', 'src/components/Register.js', 'src/components/Login.js', './agent', './constants/actionTypes', 'src/constants/actionTypes.js', 'src/store.js']
[INFO]   [Whitelisted File Context] src/reducer.js ──► Links: ['./reducers/editor', 'src/reducers/article.js', 'src/reducers/profile.js', 'src/reducers/common.js', './reducers/common', 'src/reducers/settings.js', './reducers/profile', './reducers/auth', './reducers/home', 'src/components/Profile.js', 'src/reducers/articleList.js', './reducers/article', 'src/components/ArticleList.js', 'src/components/Editor.js', './reducers/settings', 'src/reducers/editor.js', 'src/components/Settings.js', './reducers/articleList']
[INFO]   [Whitelisted File Context] src/reducers/article.js ──► Links: ['../constants/actionTypes', 'src/components/Article/Comment.js', 'src/constants/actionTypes.js']
[INFO]   [Whitelisted File Context] src/reducers/articleList.js ──► Links: ['../constants/actionTypes', 'src/components/Profile.js', 'src/constants/actionTypes.js', 'src/reducers/article.js', 'src/reducers/profile.js']
[INFO]   [Whitelisted File Context] src/reducers/auth.js ──► Links: ['../constants/actionTypes', 'src/components/Login.js', 'src/constants/actionTypes.js', 'src/components/Register.js']
[INFO]   [Whitelisted File Context] src/reducers/common.js ──► Links: ['../constants/actionTypes', 'src/components/Editor.js', 'src/components/Register.js', 'src/components/Login.js', 'src/components/Profile.js', 'src/constants/actionTypes.js', 'src/reducers/settings.js', 'src/reducers/editor.js', 'src/reducers/article.js', 'src/reducers/profile.js', 'src/components/Settings.js']
[INFO]   [Whitelisted File Context] src/reducers/editor.js ──► Links: ['../constants/actionTypes', 'src/reducers/article.js', 'src/constants/actionTypes.js', 'src/components/Editor.js']
[INFO]   [Whitelisted File Context] src/reducers/home.js ──► Links: ['../constants/actionTypes', 'src/constants/actionTypes.js']
[INFO]   [Whitelisted File Context] src/reducers/profile.js ──► Links: ['../constants/actionTypes', 'src/components/Profile.js', 'src/constants/actionTypes.js']
[INFO]   [Whitelisted File Context] src/reducers/settings.js ──► Links: ['../constants/actionTypes', 'src/components/Settings.js', 'src/constants/actionTypes.js']
[INFO]   [Whitelisted File Context] src/store.js ──► Links: ['src/reducer.js', './middleware', './reducer', 'src/middleware.js', 'redux-devtools-extension/developmentOnly', 'history/createBrowserHistory']
[INFO] SUCCESS: Exported Whitelisted Intra-Repo dependency map to: C:\New folder\Delivery Infusion\HP\Java\rca\intra_repo_dep_tree_react-redux-realworld-example-app.json
[INFO] --- [PHASE 1] Processing Repository: node-express-realworld-example-app (Branch: master) ---
[INFO] Phase 1 - Step 1 [node-express-realworld-example-app]: Fetching supported languages for repository SCpradhan/node-express-realworld-example-app...
[INFO] [node-express-realworld-example-app] Detected languages from GitHub: ['TypeScript', 'Dockerfile', 'JavaScript']
[INFO] Phase 1 - Step 2 [node-express-realworld-example-app]: Mapping language signatures to standard target extensions...
[INFO] [node-express-realworld-example-app] Matched language [TypeScript] -> Registered extensions: ['.ts', '.tsx']
[WARNING] [node-express-realworld-example-app] Language [Dockerfile] not present in standard target table. Discarding.
[INFO] [node-express-realworld-example-app] Matched language [JavaScript] -> Registered extensions: ['.js', '.jsx', '.mjs', '.cjs']
[INFO] [node-express-realworld-example-app] Final targeting extension whitelist: ['.cjs', '.json', '.yml', '.xml', '.scss', '.svelte', '.yaml', '.astro', '.css', '.ts', '.jsx', '.tsx', '.htm', '.vue', '.mjs', '.sql', '.js', '.less', '.prisma', '.sass', '.graphql', '.gql', '.html']
[INFO] [node-express-realworld-example-app] Optimizing context pull: Downloading full repository zip archive...
[INFO] --- Phase 1 - Step 3 [node-express-realworld-example-app]: Generating Language-Aware Intra-Repo Dependency Tree (Whitelisted Extensions Only) ---
[INFO]   [Whitelisted File Context] e2e/jest.config.ts ──► Links: ['e2e/src/support/test-setup.ts', 'e2e/src/support/global-teardown.ts', '.vscode/extensions.json', 'e2e/tsconfig.json', 'e2e/tsconfig.spec.json', 'e2e/src/support/global-setup.ts']
[INFO]   [Whitelisted File Context] e2e/project.json ──► Links: ['src/prisma/schema.prisma']
[INFO]   [Whitelisted File Context] e2e/tsconfig.json ──► Links: ['e2e/tsconfig.spec.json']
[INFO]   [Whitelisted File Context] e2e/tsconfig.spec.json ──► Links: ['e2e/tsconfig.json']
[INFO]   [Whitelisted File Context] jest.config.ts ──► Links: ['.vscode/extensions.json', 'e2e/tsconfig.json', 'e2e/tsconfig.spec.json']
[INFO]   [Whitelisted File Context] nx.json ──► Links: ['e2e/src/support/test-setup.ts', 'src/prisma/schema.prisma', 'e2e/project.json', 'e2e/tsconfig.json', 'e2e/tsconfig.spec.json']
[INFO]   [Whitelisted File Context] package-lock.json ──► Links: ['src/prisma/schema.prisma', 'src/app/routes/article/comment.model.ts', 'e2e/tsconfig.json', 'e2e/project.json', 'src/app/routes/auth/token.utils.ts', 'e2e/src/server/server.spec.ts', 'e2e/tsconfig.spec.json']
[INFO]   [Whitelisted File Context] package.json ──► Links: ['src/app/routes/auth/token.utils.ts', 'src/prisma/schema.prisma']
[INFO]   [Whitelisted File Context] project.json ──► Links: ['src/prisma/schema.prisma', 'e2e/project.json', 'e2e/tsconfig.json', 'e2e/tsconfig.spec.json']
[INFO]   [Whitelisted File Context] src/app/routes/article/article.controller.ts ──► Links: ['src/app/routes/article/author.mapper.ts', 'src/tests/services/article.service.test.ts', '../auth/auth', 'src/app/routes/article/article.mapper.ts', 'src/app/routes/article/comment.model.ts', './article.service', 'src/app/routes/article/article.service.ts', 'src/app/routes/article/article.model.ts']
[INFO]   [Whitelisted File Context] src/app/routes/article/article.mapper.ts ──► Links: ['src/app/routes/article/author.mapper.ts', 'src/tests/services/article.service.test.ts', 'src/app/routes/article/article.controller.ts', './author.mapper', 'src/app/routes/article/article.service.ts', 'src/app/routes/article/article.model.ts']
[INFO]   [Whitelisted File Context] src/app/routes/article/article.model.ts ──► Links: ['src/tests/services/article.service.test.ts', 'src/app/routes/article/article.controller.ts', 'src/app/routes/article/article.mapper.ts', 'src/app/routes/article/comment.model.ts', './comment.model', 'src/app/routes/article/article.service.ts']
[INFO]   [Whitelisted File Context] src/app/routes/article/article.service.ts ──► Links: ['src/tests/services/article.service.test.ts', 'src/app/models/http-exception.model.ts', 'src/app/routes/profile/profile.service.ts', 'src/app/routes/profile/profile.model.ts', 'src/prisma/prisma-client.ts', 'src/app/routes/profile/profile.utils.ts', '../../models/http-exception.model', './article.mapper', '../tag/tag.model', 'src/app/routes/article/comment.model.ts', 'src/tests/services/profile.service.test.ts', 'src/app/routes/article/article.controller.ts', '../../../prisma/prisma-client', 'src/app/routes/article/article.mapper.ts', 'src/tests/utils/profile.utils.test.ts', 'src/app/routes/article/author.mapper.ts', 'src/app/routes/profile/profile.controller.ts', 'src/app/routes/article/article.model.ts', '../profile/profile.utils']
[INFO]   [Whitelisted File Context] src/app/routes/article/author.mapper.ts ──► Links: ['../auth/user.model']
[INFO]   [Whitelisted File Context] src/app/routes/article/comment.model.ts ──► Links: ['src/tests/services/article.service.test.ts', 'src/app/routes/article/article.controller.ts', 'src/app/routes/article/article.mapper.ts', 'src/app/routes/article/article.service.ts', 'src/app/routes/article/article.model.ts', './article.model']
[INFO]   [Whitelisted File Context] src/app/routes/auth/auth.controller.ts ──► Links: ['./auth.service', './auth']
[INFO]   [Whitelisted File Context] src/app/routes/auth/auth.service.ts ──► Links: ['./user.model', 'src/app/routes/auth/register-input.model.ts', '../../../prisma/prisma-client', 'src/app/models/http-exception.model.ts', './registered-user.model', 'src/app/routes/auth/registered-user.model.ts', 'src/app/routes/auth/token.utils.ts', 'src/prisma/prisma-client.ts', './token.utils', './register-input.model', '../../models/http-exception.model']
[INFO]   [Whitelisted File Context] src/app/routes/auth/auth.ts ──► Links: ['src/app/routes/auth/token.utils.ts', 'src/app/routes/article/author.mapper.ts']
[INFO]   [Whitelisted File Context] src/app/routes/auth/registered-user.model.ts ──► Links: ['src/app/routes/auth/token.utils.ts']
[INFO]   [Whitelisted File Context] src/app/routes/auth/user.model.ts ──► Links: ['src/tests/services/article.service.test.ts', 'src/app/routes/article/article.controller.ts', '../article/article.model', 'src/app/routes/article/article.mapper.ts', 'src/app/routes/article/comment.model.ts', '../article/comment.model', 'src/app/routes/article/article.service.ts', 'src/app/routes/article/article.model.ts']
[INFO]   [Whitelisted File Context] src/app/routes/profile/profile.controller.ts ──► Links: ['./profile.service', '../auth/auth', 'src/app/routes/profile/profile.service.ts', 'src/tests/utils/profile.utils.test.ts', 'src/app/routes/profile/profile.model.ts', 'src/app/routes/profile/profile.utils.ts', 'src/tests/services/profile.service.test.ts']
[INFO]   [Whitelisted File Context] src/app/routes/profile/profile.model.ts ──► Links: ['src/tests/utils/profile.utils.test.ts', 'src/app/routes/profile/profile.service.ts', 'src/app/routes/profile/profile.controller.ts', 'src/app/routes/profile/profile.utils.ts', 'src/tests/services/profile.service.test.ts']
[INFO]   [Whitelisted File Context] src/app/routes/profile/profile.service.ts ──► Links: ['../../../prisma/prisma-client', 'src/app/models/http-exception.model.ts', 'src/tests/utils/profile.utils.test.ts', 'src/app/routes/profile/profile.controller.ts', 'src/app/routes/profile/profile.model.ts', 'src/prisma/prisma-client.ts', 'src/app/routes/profile/profile.utils.ts', 'src/tests/services/profile.service.test.ts', './profile.utils', '../../models/http-exception.model']
[INFO]   [Whitelisted File Context] src/app/routes/profile/profile.utils.ts ──► Links: ['src/app/routes/profile/profile.service.ts', 'src/tests/utils/profile.utils.test.ts', 'src/app/routes/profile/profile.controller.ts', 'src/app/routes/profile/profile.model.ts', '../auth/user.model', './profile.model', 'src/tests/services/profile.service.test.ts']
[INFO]   [Whitelisted File Context] src/app/routes/routes.ts ──► Links: ['./auth/auth.controller', 'src/tests/services/article.service.test.ts', 'src/app/routes/article/article.controller.ts', 'src/app/routes/article/article.mapper.ts', 'src/app/routes/profile/profile.service.ts', 'src/tests/utils/profile.utils.test.ts', 'src/app/routes/profile/profile.controller.ts', './profile/profile.controller', 'src/app/routes/profile/profile.model.ts', 'src/app/routes/article/article.service.ts', 'src/app/routes/article/article.model.ts', 'src/app/routes/profile/profile.utils.ts', './tag/tag.controller', 'src/tests/services/profile.service.test.ts', './article/article.controller']
[INFO]   [Whitelisted File Context] src/app/routes/tag/tag.controller.ts ──► Links: ['../auth/auth', './tag.service']
[INFO]   [Whitelisted File Context] src/app/routes/tag/tag.service.ts ──► Links: ['./tag.model', 'src/app/routes/article/author.mapper.ts', 'src/tests/services/article.service.test.ts', 'src/app/routes/article/article.controller.ts', '../../../prisma/prisma-client', 'src/app/routes/article/article.mapper.ts', 'src/prisma/prisma-client.ts', 'src/app/routes/article/article.service.ts', 'src/app/routes/article/article.model.ts']
[INFO]   [Whitelisted File Context] src/main.ts ──► Links: ['./app/routes/routes', 'src/app/routes/article/author.mapper.ts', './app/models/http-exception.model', 'src/app/models/http-exception.model.ts', 'e2e/src/server/server.spec.ts', 'src/app/routes/routes.ts']
[INFO]   [Whitelisted File Context] src/prisma/migrations/20210924225358_initial/migration.sql ──► Links: ['src/app/routes/article/author.mapper.ts', 'src/tests/services/article.service.test.ts', 'src/app/routes/article/article.controller.ts', 'src/app/routes/article/article.mapper.ts', 'src/app/routes/article/comment.model.ts', 'src/app/routes/article/article.service.ts', 'src/app/routes/article/article.model.ts']
[INFO]   [Whitelisted File Context] src/prisma/migrations/20211001143221_implicit_tags/migration.sql ──► Links: ['src/tests/services/article.service.test.ts', 'src/app/routes/article/article.controller.ts', 'src/app/routes/article/article.mapper.ts', 'src/app/routes/article/article.service.ts', 'src/app/routes/article/article.model.ts']
[INFO]   [Whitelisted File Context] src/prisma/migrations/20211221184529_deprecated_preview/migration.sql ──► Links: ['src/tests/services/article.service.test.ts', 'src/app/routes/article/article.controller.ts', 'src/app/routes/article/article.mapper.ts', 'src/app/routes/article/article.service.ts', 'src/app/routes/article/article.model.ts']
[INFO]   [Whitelisted File Context] src/prisma/prisma-client.ts ──► Links: ['@prisma/client']
[INFO]   [Whitelisted File Context] src/prisma/schema.prisma ──► Links: ['src/app/routes/article/author.mapper.ts', 'src/tests/services/article.service.test.ts', 'src/app/routes/article/article.controller.ts', 'src/app/routes/article/article.mapper.ts', 'src/app/routes/article/comment.model.ts', 'src/prisma/prisma-client.ts', 'src/app/routes/article/article.service.ts', 'src/app/routes/article/article.model.ts']
[INFO]   [Whitelisted File Context] src/prisma/seed.ts ──► Links: ['../app/routes/auth/registered-user.model', '@prisma/client', 'src/tests/services/article.service.test.ts', 'src/app/routes/article/article.controller.ts', 'src/app/routes/auth/registered-user.model.ts', 'src/app/routes/article/article.mapper.ts', 'src/app/routes/article/comment.model.ts', '@ngneat/falso', 'src/app/routes/routes.ts', 'src/app/routes/article/article.service.ts', 'src/app/routes/article/article.model.ts', '../app/routes/article/article.service', '../app/routes/auth/auth.service']
[INFO]   [Whitelisted File Context] src/tests/prisma-mock.ts ──► Links: ['../prisma/prisma-client', 'src/prisma/prisma-client.ts', '@prisma/client']
[INFO]   [Whitelisted File Context] src/tests/services/article.service.test.ts ──► Links: ['src/app/routes/article/author.mapper.ts', 'src/tests/prisma-mock.ts', '../../app/routes/article/article.service', 'src/app/routes/article/article.controller.ts', '../prisma-mock', 'src/app/routes/article/article.mapper.ts', 'src/app/routes/article/comment.model.ts', 'src/app/routes/auth/token.utils.ts', 'src/app/routes/routes.ts', 'src/app/routes/article/article.service.ts', 'src/app/routes/article/article.model.ts']
[INFO]   [Whitelisted File Context] src/tests/services/auth.service.test.ts ──► Links: ['src/tests/prisma-mock.ts', '../prisma-mock', 'src/app/routes/auth/token.utils.ts', '../../app/routes/auth/auth.service', 'src/app/routes/routes.ts']
[INFO]   [Whitelisted File Context] src/tests/services/profile.service.test.ts ──► Links: ['../../app/routes/profile/profile.service', 'src/tests/prisma-mock.ts', '../prisma-mock', 'src/app/routes/profile/profile.service.ts', 'src/tests/utils/profile.utils.test.ts', 'src/app/routes/auth/token.utils.ts', 'src/app/routes/profile/profile.controller.ts', 'src/app/routes/profile/profile.model.ts', 'src/app/routes/routes.ts', 'src/app/routes/profile/profile.utils.ts']
[INFO]   [Whitelisted File Context] src/tests/utils/profile.utils.test.ts ──► Links: ['../../app/routes/profile/profile.utils', 'src/app/routes/profile/profile.service.ts', 'src/app/routes/profile/profile.controller.ts', 'src/app/routes/profile/profile.model.ts', 'src/app/routes/routes.ts', 'src/app/routes/profile/profile.utils.ts', 'src/tests/services/profile.service.test.ts']
[INFO]   [Whitelisted File Context] tsconfig.app.json ──► Links: ['e2e/tsconfig.json', 'e2e/tsconfig.spec.json']
[INFO]   [Whitelisted File Context] tsconfig.json ──► Links: ['e2e/tsconfig.json', 'e2e/tsconfig.spec.json']
[INFO]   [Whitelisted File Context] tsconfig.spec.json ──► Links: ['e2e/tsconfig.json', 'e2e/tsconfig.spec.json']
[INFO] SUCCESS: Exported Whitelisted Intra-Repo dependency map to: C:\New folder\Delivery Infusion\HP\Java\rca\intra_repo_dep_tree_node-express-realworld-example-app.json
[INFO] 
---Phase 1 - Step 4 ====== Generating Global Cross-Repo Dependency Tree ================
[INFO] [Repository Axis] react-redux-realworld-example-app ──► References Workspace Targets: []
[INFO] [Repository Axis] node-express-realworld-example-app ──► References Workspace Targets: []
[INFO] SUCCESS: Exported Inter-Repo topology tracking map to: C:\New folder\Delivery Infusion\HP\Java\rca\inter_repo_dep_tree.json
[INFO] ================ PHASE 2: SEARCH, EXPAND & EXTRACT ================
[INFO] --- [PHASE 2] Processing Repository: react-redux-realworld-example-app (Branch: master) ---
[INFO] Phase 2 - Step 1 [react-redux-realworld-example-app]: Sending request to AAVA Search Endpoint (Attempt 1/3)...
[INFO] [react-redux-realworld-example-app] Successfully retrieved structural payload with 40 records from search.
[INFO] Phase 2 - Step 2 [react-redux-realworld-example-app]: Evaluating structural records against similarity boundaries (>= 0.01)...
[INFO] [react-redux-realworld-example-app] Accepted path [Similarity: 10.0313]: src/reducers/editor.js
[INFO] [react-redux-realworld-example-app] Accepted path [Similarity: 10.0191]: src/components/Editor.js
[INFO] [react-redux-realworld-example-app] Accepted path [Similarity: 10.0075]: src/components/ArticlePreview.js
[INFO] [react-redux-realworld-example-app] Accepted path [Similarity: 10.0015]: src/components/Article/index.js
[INFO] [react-redux-realworld-example-app] Accepted path [Similarity: 9.9854]: src/components/Article/ArticleMeta.js
[INFO] [react-redux-realworld-example-app] Accepted path [Similarity: 9.9765]: src/components/Home/MainView.js
[INFO] [react-redux-realworld-example-app] Accepted path [Similarity: 0.0295]: src/components/Home/index.js
[INFO] [react-redux-realworld-example-app] Accepted path [Similarity: 0.0278]: src/reducers/articleList.js
[INFO] [react-redux-realworld-example-app] Accepted path [Similarity: 0.0277]: src/components/Article/ArticleActions.js
[INFO] [react-redux-realworld-example-app] Accepted path [Similarity: 0.0275]: src/components/Profile.js
[INFO] [react-redux-realworld-example-app] Accepted path [Similarity: 0.0274]: src/constants/actionTypes.js
[INFO] [react-redux-realworld-example-app] Accepted path [Similarity: 0.0270]: src/reducers/common.js
[INFO] [react-redux-realworld-example-app] Accepted path [Similarity: 0.0268]: src/components/ProfileFavorites.js
[INFO] [react-redux-realworld-example-app] Accepted path [Similarity: 0.0265]: src/reducers/settings.js
[INFO] [react-redux-realworld-example-app] Accepted path [Similarity: 0.0252]: src/components/Home/Tags.js
[INFO] [react-redux-realworld-example-app] Accepted path [Similarity: 0.0249]: src/reducer.js
[INFO] [react-redux-realworld-example-app] Accepted path [Similarity: 0.0246]: src/reducers/auth.js
[INFO] [react-redux-realworld-example-app] Accepted path [Similarity: 0.0245]: src/components/ArticleList.js
[INFO] [react-redux-realworld-example-app] Accepted path [Similarity: 0.0240]: src/reducers/article.js
[INFO] [react-redux-realworld-example-app] Accepted path [Similarity: 0.0238]: src/components/Settings.js
[INFO] [react-redux-realworld-example-app] Accepted path [Similarity: 0.0231]: src/components/ListPagination.js
[INFO] [react-redux-realworld-example-app] Accepted path [Similarity: 0.0227]: src/components/Register.js
[INFO] [react-redux-realworld-example-app] Extracted 22 completely unique candidate filepath locations.
[INFO] Phase 2 - Step 3 [react-redux-realworld-example-app]: Filtering paths matching targeting extension whitelist...
[INFO] [react-redux-realworld-example-app] Retained path allocation target matching runtime criteria: [src/reducers/editor.js]
[INFO] [react-redux-realworld-example-app] Retained path allocation target matching runtime criteria: [src/components/Editor.js]
[INFO] [react-redux-realworld-example-app] Retained path allocation target matching runtime criteria: [src/components/ArticlePreview.js]
[INFO] [react-redux-realworld-example-app] Retained path allocation target matching runtime criteria: [src/components/Article/index.js]
[INFO] [react-redux-realworld-example-app] Retained path allocation target matching runtime criteria: [src/components/Article/ArticleMeta.js]
[INFO] [react-redux-realworld-example-app] Retained path allocation target matching runtime criteria: [src/components/Home/MainView.js]
[INFO] [react-redux-realworld-example-app] Retained path allocation target matching runtime criteria: [src/components/Home/index.js]
[INFO] [react-redux-realworld-example-app] Retained path allocation target matching runtime criteria: [src/reducers/articleList.js]
[INFO] [react-redux-realworld-example-app] Retained path allocation target matching runtime criteria: [src/components/Article/ArticleActions.js]
[INFO] [react-redux-realworld-example-app] Retained path allocation target matching runtime criteria: [src/components/Profile.js]
[INFO] [react-redux-realworld-example-app] Retained path allocation target matching runtime criteria: [src/constants/actionTypes.js]
[INFO] [react-redux-realworld-example-app] Retained path allocation target matching runtime criteria: [src/reducers/common.js]
[INFO] [react-redux-realworld-example-app] Retained path allocation target matching runtime criteria: [src/components/ProfileFavorites.js]
[INFO] [react-redux-realworld-example-app] Retained path allocation target matching runtime criteria: [src/reducers/settings.js]
[INFO] [react-redux-realworld-example-app] Retained path allocation target matching runtime criteria: [src/components/Home/Tags.js]
[INFO] [react-redux-realworld-example-app] Retained path allocation target matching runtime criteria: [src/reducer.js]
[INFO] [react-redux-realworld-example-app] Retained path allocation target matching runtime criteria: [src/reducers/auth.js]
[INFO] [react-redux-realworld-example-app] Retained path allocation target matching runtime criteria: [src/components/ArticleList.js]
[INFO] [react-redux-realworld-example-app] Retained path allocation target matching runtime criteria: [src/reducers/article.js]
[INFO] [react-redux-realworld-example-app] Retained path allocation target matching runtime criteria: [src/components/Settings.js]
[INFO] [react-redux-realworld-example-app] Retained path allocation target matching runtime criteria: [src/components/ListPagination.js]
[INFO] [react-redux-realworld-example-app] Retained path allocation target matching runtime criteria: [src/components/Register.js]
[INFO] Phase 2 - Step 3 Completed [react-redux-realworld-example-app]: Consolidated 22 paths for source code payload downstream consumption.
[INFO] --- Phase 2 - Step 4 [Expansion]: Looking up dependencies for 'react-redux-realworld-example-app' ---
[INFO] [react-redux-realworld-example-app] Expanding [src/reducers/editor.js] with 4 intra-repo dependencies.
[INFO] [react-redux-realworld-example-app] Expanding [src/components/Editor.js] with 8 intra-repo dependencies.
[INFO] [react-redux-realworld-example-app] Expanding [src/components/ArticlePreview.js] with 5 intra-repo dependencies.
[INFO] [react-redux-realworld-example-app] Expanding [src/components/Article/index.js] with 12 intra-repo dependencies.
[INFO] [react-redux-realworld-example-app] Expanding [src/components/Article/ArticleMeta.js] with 3 intra-repo dependencies.
[INFO] [react-redux-realworld-example-app] Expanding [src/components/Home/MainView.js] with 9 intra-repo dependencies.
[INFO] [react-redux-realworld-example-app] Expanding [src/components/Home/index.js] with 11 intra-repo dependencies.
[INFO] [react-redux-realworld-example-app] Expanding [src/reducers/articleList.js] with 5 intra-repo dependencies.
[INFO] [react-redux-realworld-example-app] Expanding [src/components/Article/ArticleActions.js] with 7 intra-repo dependencies.
[INFO] [react-redux-realworld-example-app] Expanding [src/components/Profile.js] with 12 intra-repo dependencies.
[INFO] [react-redux-realworld-example-app] Expanding [src/constants/actionTypes.js] with 10 intra-repo dependencies.
[INFO] [react-redux-realworld-example-app] Expanding [src/reducers/common.js] with 11 intra-repo dependencies.
[INFO] [react-redux-realworld-example-app] Expanding [src/components/ProfileFavorites.js] with 8 intra-repo dependencies.
[INFO] [react-redux-realworld-example-app] Expanding [src/reducers/settings.js] with 3 intra-repo dependencies.
[INFO] [react-redux-realworld-example-app] Expanding [src/components/Home/Tags.js] with 3 intra-repo dependencies.
[INFO] [react-redux-realworld-example-app] Expanding [src/reducer.js] with 18 intra-repo dependencies.
[INFO] [react-redux-realworld-example-app] Expanding [src/reducers/auth.js] with 4 intra-repo dependencies.
[INFO] [react-redux-realworld-example-app] Expanding [src/components/ArticleList.js] with 6 intra-repo dependencies.
[INFO] [react-redux-realworld-example-app] Expanding [src/reducers/article.js] with 3 intra-repo dependencies.
[INFO] [react-redux-realworld-example-app] Expanding [src/components/Settings.js] with 10 intra-repo dependencies.
[INFO] [react-redux-realworld-example-app] Expanding [src/components/ListPagination.js] with 5 intra-repo dependencies.
[INFO] [react-redux-realworld-example-app] Expanding [src/components/Register.js] with 7 intra-repo dependencies.
[INFO] [react-redux-realworld-example-app] Final expanded file count to fetch: 53 (Original Search matches: 22)
[INFO] Phase 2 - Step 5 [react-redux-realworld-example-app]: Beginning local extraction of source file content payloads from memory zip cache...
[INFO] [react-redux-realworld-example-app] Extracting cached content payload context for artifact: [src/reducers/editor.js]
[INFO] [react-redux-realworld-example-app] Successfully tracked code profile mapping dictionary entry for artifact path: [src/reducers/editor.js]
[INFO] [react-redux-realworld-example-app] Extracting cached content payload context for artifact: [src/components/Editor.js]
[INFO] [react-redux-realworld-example-app] Successfully tracked code profile mapping dictionary entry for artifact path: [src/components/Editor.js]
[INFO] [react-redux-realworld-example-app] Extracting cached content payload context for artifact: [src/components/ArticlePreview.js]
[INFO] [react-redux-realworld-example-app] Successfully tracked code profile mapping dictionary entry for artifact path: [src/components/ArticlePreview.js]
[INFO] [react-redux-realworld-example-app] Extracting cached content payload context for artifact: [src/components/Article/index.js]
[INFO] [react-redux-realworld-example-app] Successfully tracked code profile mapping dictionary entry for artifact path: [src/components/Article/index.js]
[INFO] [react-redux-realworld-example-app] Extracting cached content payload context for artifact: [src/components/Article/ArticleMeta.js]
[INFO] [react-redux-realworld-example-app] Successfully tracked code profile mapping dictionary entry for artifact path: [src/components/Article/ArticleMeta.js]
[INFO] [react-redux-realworld-example-app] Extracting cached content payload context for artifact: [src/components/Home/MainView.js]
[INFO] [react-redux-realworld-example-app] Successfully tracked code profile mapping dictionary entry for artifact path: [src/components/Home/MainView.js]
[INFO] [react-redux-realworld-example-app] Extracting cached content payload context for artifact: [src/components/Home/index.js]
[INFO] [react-redux-realworld-example-app] Successfully tracked code profile mapping dictionary entry for artifact path: [src/components/Home/index.js]
[INFO] [react-redux-realworld-example-app] Extracting cached content payload context for artifact: [src/reducers/articleList.js]
[INFO] [react-redux-realworld-example-app] Successfully tracked code profile mapping dictionary entry for artifact path: [src/reducers/articleList.js]
[INFO] [react-redux-realworld-example-app] Extracting cached content payload context for artifact: [src/components/Article/ArticleActions.js]
[INFO] [react-redux-realworld-example-app] Successfully tracked code profile mapping dictionary entry for artifact path: [src/components/Article/ArticleActions.js]
[INFO] [react-redux-realworld-example-app] Extracting cached content payload context for artifact: [src/components/Profile.js]
[INFO] [react-redux-realworld-example-app] Successfully tracked code profile mapping dictionary entry for artifact path: [src/components/Profile.js]
[INFO] [react-redux-realworld-example-app] Extracting cached content payload context for artifact: [src/constants/actionTypes.js]
[INFO] [react-redux-realworld-example-app] Successfully tracked code profile mapping dictionary entry for artifact path: [src/constants/actionTypes.js]
[INFO] [react-redux-realworld-example-app] Extracting cached content payload context for artifact: [src/reducers/common.js]
[INFO] [react-redux-realworld-example-app] Successfully tracked code profile mapping dictionary entry for artifact path: [src/reducers/common.js]
[INFO] [react-redux-realworld-example-app] Extracting cached content payload context for artifact: [src/components/ProfileFavorites.js]
[INFO] [react-redux-realworld-example-app] Successfully tracked code profile mapping dictionary entry for artifact path: [src/components/ProfileFavorites.js]
[INFO] [react-redux-realworld-example-app] Extracting cached content payload context for artifact: [src/reducers/settings.js]
[INFO] [react-redux-realworld-example-app] Successfully tracked code profile mapping dictionary entry for artifact path: [src/reducers/settings.js]
[INFO] [react-redux-realworld-example-app] Extracting cached content payload context for artifact: [src/components/Home/Tags.js]
[INFO] [react-redux-realworld-example-app] Successfully tracked code profile mapping dictionary entry for artifact path: [src/components/Home/Tags.js]
[INFO] [react-redux-realworld-example-app] Extracting cached content payload context for artifact: [src/reducer.js]
[INFO] [react-redux-realworld-example-app] Successfully tracked code profile mapping dictionary entry for artifact path: [src/reducer.js]
[INFO] [react-redux-realworld-example-app] Extracting cached content payload context for artifact: [src/reducers/auth.js]
[INFO] [react-redux-realworld-example-app] Successfully tracked code profile mapping dictionary entry for artifact path: [src/reducers/auth.js]
[INFO] [react-redux-realworld-example-app] Extracting cached content payload context for artifact: [src/components/ArticleList.js]
[INFO] [react-redux-realworld-example-app] Successfully tracked code profile mapping dictionary entry for artifact path: [src/components/ArticleList.js]
[INFO] [react-redux-realworld-example-app] Extracting cached content payload context for artifact: [src/reducers/article.js]
[INFO] [react-redux-realworld-example-app] Successfully tracked code profile mapping dictionary entry for artifact path: [src/reducers/article.js]
[INFO] [react-redux-realworld-example-app] Extracting cached content payload context for artifact: [src/components/Settings.js]
[INFO] [react-redux-realworld-example-app] Successfully tracked code profile mapping dictionary entry for artifact path: [src/components/Settings.js]
[INFO] [react-redux-realworld-example-app] Extracting cached content payload context for artifact: [src/components/ListPagination.js]
[INFO] [react-redux-realworld-example-app] Successfully tracked code profile mapping dictionary entry for artifact path: [src/components/ListPagination.js]
[INFO] [react-redux-realworld-example-app] Extracting cached content payload context for artifact: [src/components/Register.js]
[INFO] [react-redux-realworld-example-app] Successfully tracked code profile mapping dictionary entry for artifact path: [src/components/Register.js]
[INFO] [react-redux-realworld-example-app] Extracting cached content payload context for artifact: [../constants/actionTypes]
[ERROR] [react-redux-realworld-example-app] Failed to acquire local content stream for asset reference [../constants/actionTypes]: File not found in zip.
[INFO] [react-redux-realworld-example-app] Extracting cached content payload context for artifact: [src/agent.js]
[INFO] [react-redux-realworld-example-app] Successfully tracked code profile mapping dictionary entry for artifact path: [src/agent.js]
[INFO] [react-redux-realworld-example-app] Extracting cached content payload context for artifact: [./ListErrors]
[ERROR] [react-redux-realworld-example-app] Failed to acquire local content stream for asset reference [./ListErrors]: File not found in zip.
[INFO] [react-redux-realworld-example-app] Extracting cached content payload context for artifact: [../agent]
[ERROR] [react-redux-realworld-example-app] Failed to acquire local content stream for asset reference [../agent]: File not found in zip.
[INFO] [react-redux-realworld-example-app] Extracting cached content payload context for artifact: [src/components/ListErrors.js]
[INFO] [react-redux-realworld-example-app] Successfully tracked code profile mapping dictionary entry for artifact path: [src/components/ListErrors.js]
[INFO] [react-redux-realworld-example-app] Extracting cached content payload context for artifact: [../../constants/actionTypes]
[ERROR] [react-redux-realworld-example-app] Failed to acquire local content stream for asset reference [../../constants/actionTypes]: File not found in zip.
[INFO] [react-redux-realworld-example-app] Extracting cached content payload context for artifact: [./ArticleMeta]
[ERROR] [react-redux-realworld-example-app] Failed to acquire local content stream for asset reference [./ArticleMeta]: File not found in zip.
[INFO] [react-redux-realworld-example-app] Extracting cached content payload context for artifact: [src/components/Home/Banner.js]
[INFO] [react-redux-realworld-example-app] Successfully tracked code profile mapping dictionary entry for artifact path: [src/components/Home/Banner.js]
[INFO] [react-redux-realworld-example-app] Extracting cached content payload context for artifact: [./CommentContainer]
[ERROR] [react-redux-realworld-example-app] Failed to acquire local content stream for asset reference [./CommentContainer]: File not found in zip.
[INFO] [react-redux-realworld-example-app] Extracting cached content payload context for artifact: [../../agent]
[ERROR] [react-redux-realworld-example-app] Failed to acquire local content stream for asset reference [../../agent]: File not found in zip.
[INFO] [react-redux-realworld-example-app] Extracting cached content payload context for artifact: [src/components/Article/Comment.js]
[INFO] [react-redux-realworld-example-app] Successfully tracked code profile mapping dictionary entry for artifact path: [src/components/Article/Comment.js]
[INFO] [react-redux-realworld-example-app] Extracting cached content payload context for artifact: [src/components/Article/CommentContainer.js]
[INFO] [react-redux-realworld-example-app] Successfully tracked code profile mapping dictionary entry for artifact path: [src/components/Article/CommentContainer.js]
[INFO] [react-redux-realworld-example-app] Extracting cached content payload context for artifact: [./ArticleActions]
[ERROR] [react-redux-realworld-example-app] Failed to acquire local content stream for asset reference [./ArticleActions]: File not found in zip.
[INFO] [react-redux-realworld-example-app] Extracting cached content payload context for artifact: [../ArticleList]
[ERROR] [react-redux-realworld-example-app] Failed to acquire local content stream for asset reference [../ArticleList]: File not found in zip.
[INFO] [react-redux-realworld-example-app] Extracting cached content payload context for artifact: [./MainView]
[ERROR] [react-redux-realworld-example-app] Failed to acquire local content stream for asset reference [./MainView]: File not found in zip.
[INFO] [react-redux-realworld-example-app] Extracting cached content payload context for artifact: [./Banner]
[ERROR] [react-redux-realworld-example-app] Failed to acquire local content stream for asset reference [./Banner]: File not found in zip.
[INFO] [react-redux-realworld-example-app] Extracting cached content payload context for artifact: [./Tags]
[ERROR] [react-redux-realworld-example-app] Failed to acquire local content stream for asset reference [./Tags]: File not found in zip.
[INFO] [react-redux-realworld-example-app] Extracting cached content payload context for artifact: [src/reducers/profile.js]
[INFO] [react-redux-realworld-example-app] Successfully tracked code profile mapping dictionary entry for artifact path: [src/reducers/profile.js]
[INFO] [react-redux-realworld-example-app] Extracting cached content payload context for artifact: [./ArticleList]
[ERROR] [react-redux-realworld-example-app] Failed to acquire local content stream for asset reference [./ArticleList]: File not found in zip.
[INFO] [react-redux-realworld-example-app] Extracting cached content payload context for artifact: [src/components/Login.js]
[INFO] [react-redux-realworld-example-app] Successfully tracked code profile mapping dictionary entry for artifact path: [src/components/Login.js]
[INFO] [react-redux-realworld-example-app] Extracting cached content payload context for artifact: [./Profile]
[ERROR] [react-redux-realworld-example-app] Failed to acquire local content stream for asset reference [./Profile]: File not found in zip.
[INFO] [react-redux-realworld-example-app] Extracting cached content payload context for artifact: [./reducers/editor]
[ERROR] [react-redux-realworld-example-app] Failed to acquire local content stream for asset reference [./reducers/editor]: File not found in zip.
[INFO] [react-redux-realworld-example-app] Extracting cached content payload context for artifact: [./reducers/common]
[ERROR] [react-redux-realworld-example-app] Failed to acquire local content stream for asset reference [./reducers/common]: File not found in zip.
[INFO] [react-redux-realworld-example-app] Extracting cached content payload context for artifact: [./reducers/profile]
[ERROR] [react-redux-realworld-example-app] Failed to acquire local content stream for asset reference [./reducers/profile]: File not found in zip.
[INFO] [react-redux-realworld-example-app] Extracting cached content payload context for artifact: [./reducers/auth]
[ERROR] [react-redux-realworld-example-app] Failed to acquire local content stream for asset reference [./reducers/auth]: File not found in zip.
[INFO] [react-redux-realworld-example-app] Extracting cached content payload context for artifact: [./reducers/home]
[ERROR] [react-redux-realworld-example-app] Failed to acquire local content stream for asset reference [./reducers/home]: File not found in zip.
[INFO] [react-redux-realworld-example-app] Extracting cached content payload context for artifact: [./reducers/article]
[ERROR] [react-redux-realworld-example-app] Failed to acquire local content stream for asset reference [./reducers/article]: File not found in zip.
[INFO] [react-redux-realworld-example-app] Extracting cached content payload context for artifact: [./reducers/settings]
[ERROR] [react-redux-realworld-example-app] Failed to acquire local content stream for asset reference [./reducers/settings]: File not found in zip.
[INFO] [react-redux-realworld-example-app] Extracting cached content payload context for artifact: [./reducers/articleList]
[ERROR] [react-redux-realworld-example-app] Failed to acquire local content stream for asset reference [./reducers/articleList]: File not found in zip.
[INFO] [react-redux-realworld-example-app] Extracting cached content payload context for artifact: [./ListPagination]
[ERROR] [react-redux-realworld-example-app] Failed to acquire local content stream for asset reference [./ListPagination]: File not found in zip.
[INFO] [react-redux-realworld-example-app] Extracting cached content payload context for artifact: [./ArticlePreview]
[ERROR] [react-redux-realworld-example-app] Failed to acquire local content stream for asset reference [./ArticlePreview]: File not found in zip.
[INFO] Successfully populated 29 objects into tracking matrix structure for repository 'react-redux-realworld-example-app'.
[INFO] Pacing boundaries active. Pausing operations for 20s to safeguard API Gateway pool context limits...
[INFO] --- [PHASE 2] Processing Repository: node-express-realworld-example-app (Branch: master) ---
[INFO] Phase 2 - Step 1 [node-express-realworld-example-app]: Sending request to AAVA Search Endpoint (Attempt 1/3)...
[INFO] [node-express-realworld-example-app] Successfully retrieved structural payload with 35 records from search.
[INFO] Phase 2 - Step 2 [node-express-realworld-example-app]: Evaluating structural records against similarity boundaries (>= 0.01)...
[INFO] [node-express-realworld-example-app] Accepted path [Similarity: 10.0299]: src/app/routes/article/article.service.ts
[INFO] [node-express-realworld-example-app] Accepted path [Similarity: 10.0145]: e2e/src/support/global-setup.ts
[INFO] [node-express-realworld-example-app] Accepted path [Similarity: 9.9982]: src/prisma/seed.ts
[INFO] [node-express-realworld-example-app] Accepted path [Similarity: 9.9908]: src/app/routes/article/article.controller.ts
[INFO] [node-express-realworld-example-app] Accepted path [Similarity: 9.9794]: src/prisma/migrations/20211001143221_implicit_tags/migration.sql
[INFO] [node-express-realworld-example-app] Accepted path [Similarity: 0.0289]: src/tests/services/article.service.test.ts
[INFO] [node-express-realworld-example-app] Accepted path [Similarity: 0.0254]: src/prisma/migrations/20210924225358_initial/migration.sql
[INFO] [node-express-realworld-example-app] Accepted path [Similarity: 0.0253]: Dockerfile
[INFO] [node-express-realworld-example-app] Accepted path [Similarity: 0.0248]: src/app/routes/routes.ts
[INFO] [node-express-realworld-example-app] Accepted path [Similarity: 0.0238]: jest.config.ts
[INFO] [node-express-realworld-example-app] Accepted path [Similarity: 0.0230]: src/app/routes/auth/user.model.ts
[INFO] [node-express-realworld-example-app] Accepted path [Similarity: 0.0226]: src/prisma/migrations/20211105153605_api_url/migration.sql
[INFO] [node-express-realworld-example-app] Accepted path [Similarity: 0.0223]: src/app/routes/article/article.mapper.ts
[INFO] [node-express-realworld-example-app] Accepted path [Similarity: 0.0221]: src/app/routes/tag/tag.service.ts
[INFO] [node-express-realworld-example-app] Accepted path [Similarity: 0.0221]: src/tests/services/auth.service.test.ts
[INFO] [node-express-realworld-example-app] Accepted path [Similarity: 0.0220]: e2e/jest.config.ts
[INFO] [node-express-realworld-example-app] Extracted 16 completely unique candidate filepath locations.
[INFO] Phase 2 - Step 3 [node-express-realworld-example-app]: Filtering paths matching targeting extension whitelist...
[INFO] [node-express-realworld-example-app] Retained path allocation target matching runtime criteria: [src/app/routes/article/article.service.ts]
[INFO] [node-express-realworld-example-app] Retained path allocation target matching runtime criteria: [e2e/src/support/global-setup.ts]
[INFO] [node-express-realworld-example-app] Retained path allocation target matching runtime criteria: [src/prisma/seed.ts]
[INFO] [node-express-realworld-example-app] Retained path allocation target matching runtime criteria: [src/app/routes/article/article.controller.ts]
[INFO] [node-express-realworld-example-app] Retained path allocation target matching runtime criteria: [src/prisma/migrations/20211001143221_implicit_tags/migration.sql]
[INFO] [node-express-realworld-example-app] Retained path allocation target matching runtime criteria: [src/tests/services/article.service.test.ts]
[INFO] [node-express-realworld-example-app] Retained path allocation target matching runtime criteria: [src/prisma/migrations/20210924225358_initial/migration.sql]
[INFO] [node-express-realworld-example-app] Retained path allocation target matching runtime criteria: [src/app/routes/routes.ts]
[INFO] [node-express-realworld-example-app] Retained path allocation target matching runtime criteria: [jest.config.ts]
[INFO] [node-express-realworld-example-app] Retained path allocation target matching runtime criteria: [src/app/routes/auth/user.model.ts]
[INFO] [node-express-realworld-example-app] Retained path allocation target matching runtime criteria: [src/prisma/migrations/20211105153605_api_url/migration.sql]
[INFO] [node-express-realworld-example-app] Retained path allocation target matching runtime criteria: [src/app/routes/article/article.mapper.ts]
[INFO] [node-express-realworld-example-app] Retained path allocation target matching runtime criteria: [src/app/routes/tag/tag.service.ts]
[INFO] [node-express-realworld-example-app] Retained path allocation target matching runtime criteria: [src/tests/services/auth.service.test.ts]
[INFO] [node-express-realworld-example-app] Retained path allocation target matching runtime criteria: [e2e/jest.config.ts]
[INFO] Phase 2 - Step 3 Completed [node-express-realworld-example-app]: Consolidated 15 paths for source code payload downstream consumption.
[INFO] --- Phase 2 - Step 4 [Expansion]: Looking up dependencies for 'node-express-realworld-example-app' ---
[INFO] [node-express-realworld-example-app] Expanding [src/app/routes/article/article.service.ts] with 19 intra-repo dependencies.
[INFO] [node-express-realworld-example-app] Expanding [src/prisma/seed.ts] with 13 intra-repo dependencies.
[INFO] [node-express-realworld-example-app] Expanding [src/app/routes/article/article.controller.ts] with 8 intra-repo dependencies.
[INFO] [node-express-realworld-example-app] Expanding [src/prisma/migrations/20211001143221_implicit_tags/migration.sql] with 5 intra-repo dependencies.
[INFO] [node-express-realworld-example-app] Expanding [src/tests/services/article.service.test.ts] with 11 intra-repo dependencies.
[INFO] [node-express-realworld-example-app] Expanding [src/prisma/migrations/20210924225358_initial/migration.sql] with 7 intra-repo dependencies.
[INFO] [node-express-realworld-example-app] Expanding [src/app/routes/routes.ts] with 15 intra-repo dependencies.
[INFO] [node-express-realworld-example-app] Expanding [jest.config.ts] with 3 intra-repo dependencies.
[INFO] [node-express-realworld-example-app] Expanding [src/app/routes/auth/user.model.ts] with 8 intra-repo dependencies.
[INFO] [node-express-realworld-example-app] Expanding [src/app/routes/article/article.mapper.ts] with 6 intra-repo dependencies.
[INFO] [node-express-realworld-example-app] Expanding [src/app/routes/tag/tag.service.ts] with 9 intra-repo dependencies.
[INFO] [node-express-realworld-example-app] Expanding [src/tests/services/auth.service.test.ts] with 5 intra-repo dependencies.
[INFO] [node-express-realworld-example-app] Expanding [e2e/jest.config.ts] with 6 intra-repo dependencies.
[INFO] [node-express-realworld-example-app] Final expanded file count to fetch: 57 (Original Search matches: 15)
[INFO] Phase 2 - Step 5 [node-express-realworld-example-app]: Beginning local extraction of source file content payloads from memory zip cache...
[INFO] [node-express-realworld-example-app] Extracting cached content payload context for artifact: [src/app/routes/article/article.service.ts]
[INFO] [node-express-realworld-example-app] Successfully tracked code profile mapping dictionary entry for artifact path: [src/app/routes/article/article.service.ts]
[INFO] [node-express-realworld-example-app] Extracting cached content payload context for artifact: [e2e/src/support/global-setup.ts]
[INFO] [node-express-realworld-example-app] Successfully tracked code profile mapping dictionary entry for artifact path: [e2e/src/support/global-setup.ts]
[INFO] [node-express-realworld-example-app] Extracting cached content payload context for artifact: [src/prisma/seed.ts]
[INFO] [node-express-realworld-example-app] Successfully tracked code profile mapping dictionary entry for artifact path: [src/prisma/seed.ts]
[INFO] [node-express-realworld-example-app] Extracting cached content payload context for artifact: [src/app/routes/article/article.controller.ts]
[INFO] [node-express-realworld-example-app] Successfully tracked code profile mapping dictionary entry for artifact path: [src/app/routes/article/article.controller.ts]
[INFO] [node-express-realworld-example-app] Extracting cached content payload context for artifact: [src/prisma/migrations/20211001143221_implicit_tags/migration.sql]
[INFO] [node-express-realworld-example-app] Successfully tracked code profile mapping dictionary entry for artifact path: [src/prisma/migrations/20211001143221_implicit_tags/migration.sql]
[INFO] [node-express-realworld-example-app] Extracting cached content payload context for artifact: [src/tests/services/article.service.test.ts]
[INFO] [node-express-realworld-example-app] Successfully tracked code profile mapping dictionary entry for artifact path: [src/tests/services/article.service.test.ts]
[INFO] [node-express-realworld-example-app] Extracting cached content payload context for artifact: [src/prisma/migrations/20210924225358_initial/migration.sql]
[INFO] [node-express-realworld-example-app] Successfully tracked code profile mapping dictionary entry for artifact path: [src/prisma/migrations/20210924225358_initial/migration.sql]
[INFO] [node-express-realworld-example-app] Extracting cached content payload context for artifact: [src/app/routes/routes.ts]
[INFO] [node-express-realworld-example-app] Successfully tracked code profile mapping dictionary entry for artifact path: [src/app/routes/routes.ts]
[INFO] [node-express-realworld-example-app] Extracting cached content payload context for artifact: [jest.config.ts]
[INFO] [node-express-realworld-example-app] Successfully tracked code profile mapping dictionary entry for artifact path: [jest.config.ts]
[INFO] [node-express-realworld-example-app] Extracting cached content payload context for artifact: [src/app/routes/auth/user.model.ts]
[INFO] [node-express-realworld-example-app] Successfully tracked code profile mapping dictionary entry for artifact path: [src/app/routes/auth/user.model.ts]
[INFO] [node-express-realworld-example-app] Extracting cached content payload context for artifact: [src/prisma/migrations/20211105153605_api_url/migration.sql]
[INFO] [node-express-realworld-example-app] Successfully tracked code profile mapping dictionary entry for artifact path: [src/prisma/migrations/20211105153605_api_url/migration.sql]
[INFO] [node-express-realworld-example-app] Extracting cached content payload context for artifact: [src/app/routes/article/article.mapper.ts]
[INFO] [node-express-realworld-example-app] Successfully tracked code profile mapping dictionary entry for artifact path: [src/app/routes/article/article.mapper.ts]
[INFO] [node-express-realworld-example-app] Extracting cached content payload context for artifact: [src/app/routes/tag/tag.service.ts]
[INFO] [node-express-realworld-example-app] Successfully tracked code profile mapping dictionary entry for artifact path: [src/app/routes/tag/tag.service.ts]
[INFO] [node-express-realworld-example-app] Extracting cached content payload context for artifact: [src/tests/services/auth.service.test.ts]
[INFO] [node-express-realworld-example-app] Successfully tracked code profile mapping dictionary entry for artifact path: [src/tests/services/auth.service.test.ts]
[INFO] [node-express-realworld-example-app] Extracting cached content payload context for artifact: [e2e/jest.config.ts]
[INFO] [node-express-realworld-example-app] Successfully tracked code profile mapping dictionary entry for artifact path: [e2e/jest.config.ts]
[INFO] [node-express-realworld-example-app] Extracting cached content payload context for artifact: [src/app/models/http-exception.model.ts]
[INFO] [node-express-realworld-example-app] Successfully tracked code profile mapping dictionary entry for artifact path: [src/app/models/http-exception.model.ts]
[INFO] [node-express-realworld-example-app] Extracting cached content payload context for artifact: [src/app/routes/profile/profile.service.ts]
[INFO] [node-express-realworld-example-app] Successfully tracked code profile mapping dictionary entry for artifact path: [src/app/routes/profile/profile.service.ts]
[INFO] [node-express-realworld-example-app] Extracting cached content payload context for artifact: [src/app/routes/profile/profile.model.ts]
[INFO] [node-express-realworld-example-app] Successfully tracked code profile mapping dictionary entry for artifact path: [src/app/routes/profile/profile.model.ts]
[INFO] [node-express-realworld-example-app] Extracting cached content payload context for artifact: [src/prisma/prisma-client.ts]
[INFO] [node-express-realworld-example-app] Successfully tracked code profile mapping dictionary entry for artifact path: [src/prisma/prisma-client.ts]
[INFO] [node-express-realworld-example-app] Extracting cached content payload context for artifact: [src/app/routes/profile/profile.utils.ts]
[INFO] [node-express-realworld-example-app] Successfully tracked code profile mapping dictionary entry for artifact path: [src/app/routes/profile/profile.utils.ts]
[INFO] [node-express-realworld-example-app] Extracting cached content payload context for artifact: [../../models/http-exception.model]
[ERROR] [node-express-realworld-example-app] Failed to acquire local content stream for asset reference [../../models/http-exception.model]: File not found in zip.
[INFO] [node-express-realworld-example-app] Extracting cached content payload context for artifact: [./article.mapper]
[ERROR] [node-express-realworld-example-app] Failed to acquire local content stream for asset reference [./article.mapper]: File not found in zip.
[INFO] [node-express-realworld-example-app] Extracting cached content payload context for artifact: [../tag/tag.model]
[ERROR] [node-express-realworld-example-app] Failed to acquire local content stream for asset reference [../tag/tag.model]: File not found in zip.
[INFO] [node-express-realworld-example-app] Extracting cached content payload context for artifact: [src/app/routes/article/comment.model.ts]
[INFO] [node-express-realworld-example-app] Successfully tracked code profile mapping dictionary entry for artifact path: [src/app/routes/article/comment.model.ts]
[INFO] [node-express-realworld-example-app] Extracting cached content payload context for artifact: [src/tests/services/profile.service.test.ts]
[INFO] [node-express-realworld-example-app] Successfully tracked code profile mapping dictionary entry for artifact path: [src/tests/services/profile.service.test.ts]
[INFO] [node-express-realworld-example-app] Extracting cached content payload context for artifact: [../../../prisma/prisma-client]
[ERROR] [node-express-realworld-example-app] Failed to acquire local content stream for asset reference [../../../prisma/prisma-client]: File not found in zip.
[INFO] [node-express-realworld-example-app] Extracting cached content payload context for artifact: [src/tests/utils/profile.utils.test.ts]
[INFO] [node-express-realworld-example-app] Successfully tracked code profile mapping dictionary entry for artifact path: [src/tests/utils/profile.utils.test.ts]
[INFO] [node-express-realworld-example-app] Extracting cached content payload context for artifact: [src/app/routes/article/author.mapper.ts]
[INFO] [node-express-realworld-example-app] Successfully tracked code profile mapping dictionary entry for artifact path: [src/app/routes/article/author.mapper.ts]
[INFO] [node-express-realworld-example-app] Extracting cached content payload context for artifact: [src/app/routes/profile/profile.controller.ts]
[INFO] [node-express-realworld-example-app] Successfully tracked code profile mapping dictionary entry for artifact path: [src/app/routes/profile/profile.controller.ts]
[INFO] [node-express-realworld-example-app] Extracting cached content payload context for artifact: [src/app/routes/article/article.model.ts]
[INFO] [node-express-realworld-example-app] Successfully tracked code profile mapping dictionary entry for artifact path: [src/app/routes/article/article.model.ts]
[INFO] [node-express-realworld-example-app] Extracting cached content payload context for artifact: [../profile/profile.utils]
[ERROR] [node-express-realworld-example-app] Failed to acquire local content stream for asset reference [../profile/profile.utils]: File not found in zip.
[INFO] [node-express-realworld-example-app] Extracting cached content payload context for artifact: [../app/routes/auth/registered-user.model]
[ERROR] [node-express-realworld-example-app] Failed to acquire local content stream for asset reference [../app/routes/auth/registered-user.model]: File not found in zip.
[INFO] [node-express-realworld-example-app] Extracting cached content payload context for artifact: [@prisma/client]
[ERROR] [node-express-realworld-example-app] Failed to acquire local content stream for asset reference [@prisma/client]: File not found in zip.
[INFO] [node-express-realworld-example-app] Extracting cached content payload context for artifact: [src/app/routes/auth/registered-user.model.ts]
[INFO] [node-express-realworld-example-app] Successfully tracked code profile mapping dictionary entry for artifact path: [src/app/routes/auth/registered-user.model.ts]
[INFO] [node-express-realworld-example-app] Extracting cached content payload context for artifact: [@ngneat/falso]
[ERROR] [node-express-realworld-example-app] Failed to acquire local content stream for asset reference [@ngneat/falso]: File not found in zip.
[INFO] [node-express-realworld-example-app] Extracting cached content payload context for artifact: [../app/routes/article/article.service]
[ERROR] [node-express-realworld-example-app] Failed to acquire local content stream for asset reference [../app/routes/article/article.service]: File not found in zip.
[INFO] [node-express-realworld-example-app] Extracting cached content payload context for artifact: [../app/routes/auth/auth.service]
[ERROR] [node-express-realworld-example-app] Failed to acquire local content stream for asset reference [../app/routes/auth/auth.service]: File not found in zip.
[INFO] [node-express-realworld-example-app] Extracting cached content payload context for artifact: [../auth/auth]
[ERROR] [node-express-realworld-example-app] Failed to acquire local content stream for asset reference [../auth/auth]: File not found in zip.
[INFO] [node-express-realworld-example-app] Extracting cached content payload context for artifact: [./article.service]
[ERROR] [node-express-realworld-example-app] Failed to acquire local content stream for asset reference [./article.service]: File not found in zip.
[INFO] [node-express-realworld-example-app] Extracting cached content payload context for artifact: [src/tests/prisma-mock.ts]
[INFO] [node-express-realworld-example-app] Successfully tracked code profile mapping dictionary entry for artifact path: [src/tests/prisma-mock.ts]
[INFO] [node-express-realworld-example-app] Extracting cached content payload context for artifact: [../../app/routes/article/article.service]
[ERROR] [node-express-realworld-example-app] Failed to acquire local content stream for asset reference [../../app/routes/article/article.service]: File not found in zip.
[INFO] [node-express-realworld-example-app] Extracting cached content payload context for artifact: [../prisma-mock]
[ERROR] [node-express-realworld-example-app] Failed to acquire local content stream for asset reference [../prisma-mock]: File not found in zip.
[INFO] [node-express-realworld-example-app] Extracting cached content payload context for artifact: [src/app/routes/auth/token.utils.ts]
[INFO] [node-express-realworld-example-app] Successfully tracked code profile mapping dictionary entry for artifact path: [src/app/routes/auth/token.utils.ts]
[INFO] [node-express-realworld-example-app] Extracting cached content payload context for artifact: [./auth/auth.controller]
[ERROR] [node-express-realworld-example-app] Failed to acquire local content stream for asset reference [./auth/auth.controller]: File not found in zip.
[INFO] [node-express-realworld-example-app] Extracting cached content payload context for artifact: [./profile/profile.controller]
[ERROR] [node-express-realworld-example-app] Failed to acquire local content stream for asset reference [./profile/profile.controller]: File not found in zip.
[INFO] [node-express-realworld-example-app] Extracting cached content payload context for artifact: [./tag/tag.controller]
[ERROR] [node-express-realworld-example-app] Failed to acquire local content stream for asset reference [./tag/tag.controller]: File not found in zip.
[INFO] [node-express-realworld-example-app] Extracting cached content payload context for artifact: [./article/article.controller]
[ERROR] [node-express-realworld-example-app] Failed to acquire local content stream for asset reference [./article/article.controller]: File not found in zip.
[INFO] [node-express-realworld-example-app] Extracting cached content payload context for artifact: [.vscode/extensions.json]
[INFO] [node-express-realworld-example-app] Successfully tracked code profile mapping dictionary entry for artifact path: [.vscode/extensions.json]
[INFO] [node-express-realworld-example-app] Extracting cached content payload context for artifact: [e2e/tsconfig.json]
[INFO] [node-express-realworld-example-app] Successfully tracked code profile mapping dictionary entry for artifact path: [e2e/tsconfig.json]
[INFO] [node-express-realworld-example-app] Extracting cached content payload context for artifact: [e2e/tsconfig.spec.json]
[INFO] [node-express-realworld-example-app] Successfully tracked code profile mapping dictionary entry for artifact path: [e2e/tsconfig.spec.json]
[INFO] [node-express-realworld-example-app] Extracting cached content payload context for artifact: [../article/article.model]
[ERROR] [node-express-realworld-example-app] Failed to acquire local content stream for asset reference [../article/article.model]: File not found in zip.
[INFO] [node-express-realworld-example-app] Extracting cached content payload context for artifact: [../article/comment.model]
[ERROR] [node-express-realworld-example-app] Failed to acquire local content stream for asset reference [../article/comment.model]: File not found in zip.
[INFO] [node-express-realworld-example-app] Extracting cached content payload context for artifact: [./author.mapper]
[ERROR] [node-express-realworld-example-app] Failed to acquire local content stream for asset reference [./author.mapper]: File not found in zip.
[INFO] [node-express-realworld-example-app] Extracting cached content payload context for artifact: [./tag.model]
[ERROR] [node-express-realworld-example-app] Failed to acquire local content stream for asset reference [./tag.model]: File not found in zip.
[INFO] [node-express-realworld-example-app] Extracting cached content payload context for artifact: [../../app/routes/auth/auth.service]
[ERROR] [node-express-realworld-example-app] Failed to acquire local content stream for asset reference [../../app/routes/auth/auth.service]: File not found in zip.
[INFO] [node-express-realworld-example-app] Extracting cached content payload context for artifact: [e2e/src/support/test-setup.ts]
[INFO] [node-express-realworld-example-app] Successfully tracked code profile mapping dictionary entry for artifact path: [e2e/src/support/test-setup.ts]
[INFO] [node-express-realworld-example-app] Extracting cached content payload context for artifact: [e2e/src/support/global-teardown.ts]
[INFO] [node-express-realworld-example-app] Successfully tracked code profile mapping dictionary entry for artifact path: [e2e/src/support/global-teardown.ts]
[INFO] Successfully populated 34 objects into tracking matrix structure for repository 'node-express-realworld-example-app'.
[INFO] 
================ PHASE 3: HIGH LEVEL RCA AGENT (PHASE-3) FILTERING ================
[INFO] --- Starting Chunking Process for Phase-3 Agent ---
[INFO] Chunking complete. Created 1 independent code payload chunks.
[INFO] [Phase-3 Thread 1] Zipping payload and triggering Workflow 18914 (Max 2 Iterations)...
[INFO] [Phase-3 Thread 1] --- Starting Iteration 1 ---
[INFO] [Phase-3 Thread 1] Triggered successfully! Execution ID: 6f791084-e7d7-4cde-b9ab-71fc78bda0a6. Starting poll...
[INFO] [Phase-3 Thread 1] Workflow SUCCESS! Parsing JSON output...
[INFO] [Phase-3 Thread 1] Iteration 1 parsed. Review Score: 72. Impacted files Count: 9
[WARNING] [Phase-3 Thread 1] Compliance failed (72 < 90). Feeding back to Agent...
[INFO] [Phase-3 Thread 1] --- Starting Iteration 2 ---
[INFO] [Phase-3 Thread 1] Triggered successfully! Execution ID: 444ebb56-a189-4f88-bf86-7f8577fa3e1e. Starting poll...
[INFO] [Phase-3 Thread 1] Workflow SUCCESS! Parsing JSON output...
[INFO] [Phase-3 Thread 1] Iteration 2 parsed. Review Score: 100. Impacted files Count: 14
[INFO] [Phase-3 Thread 1] More than 90% compliance reached on iteration 2. Exiting loop.
[INFO] [Phase-3] Thread 1 completed. Extracted 14 surviving paths with scores.
[INFO] Phase-3 Complete! Total completely unique surviving paths across all chunks: 14
[INFO] ================ APPLYING BM25 RANKING (Top 50, Trim: False) ================
[INFO] BM25 query: Implement a Draft feature for articles. Users should be able to save articles as drafts without publishing them.

The API needs a new database field to support this state, and the frontend needs a 'Save as Draft' button on the editor page.
[INFO] [react-redux-realworld-example-app] Preparing 8 files for BM25 scoring.
[INFO] [node-express-realworld-example-app] Preparing 4 files for BM25 scoring.
[INFO] BM25 corpus size: 12
[INFO] BM25 query tokens: ['implement', 'a', 'draft', 'feature', 'for', 'articles', 'users', 'should', 'be', 'able', 'to', 'save', 'articles', 'as', 'drafts', 'without', 'publishing', 'them', 'the', 'api', 'needs', 'a', 'new', 'database', 'field', 'to', 'support', 'this', 'state', 'and', 'the', 'frontend', 'needs', 'a', 'save', 'as', 'draft', 'button', 'on', 'the', 'editor', 'page']
[INFO] BM25 average document length: 293.75
[INFO] [BM25] Score: 23.4913 | Repo: node-express-realworld-example-app | File: src/app/routes/article/article.controller.ts
[INFO] [BM25] Relevance Score: 94 | Repo: node-express-realworld-example-app | File: src/app/routes/article/article.controller.ts
[INFO] [BM25] Score: 17.6856 | Repo: react-redux-realworld-example-app | File: src/components/Home/MainView.js
[INFO] [BM25] Relevance Score: 71 | Repo: react-redux-realworld-example-app | File: src/components/Home/MainView.js
[INFO] [BM25] Score: 15.3501 | Repo: react-redux-realworld-example-app | File: src/agent.js
[INFO] [BM25] Relevance Score: 86 | Repo: react-redux-realworld-example-app | File: src/agent.js
[INFO] [BM25] Score: 14.5004 | Repo: react-redux-realworld-example-app | File: src/components/Editor.js
[INFO] [BM25] Relevance Score: 97 | Repo: react-redux-realworld-example-app | File: src/components/Editor.js
[INFO] [BM25] Score: 13.5941 | Repo: node-express-realworld-example-app | File: src/app/routes/article/article.service.ts
[INFO] [BM25] Relevance Score: 100 | Repo: node-express-realworld-example-app | File: src/app/routes/article/article.service.ts
[INFO] [BM25] Score: 10.4895 | Repo: react-redux-realworld-example-app | File: src/components/ArticlePreview.js
[INFO] [BM25] Relevance Score: 74 | Repo: react-redux-realworld-example-app | File: src/components/ArticlePreview.js
[INFO] [BM25] Score: 4.6995 | Repo: react-redux-realworld-example-app | File: src/reducers/editor.js
[INFO] [BM25] Relevance Score: 88 | Repo: react-redux-realworld-example-app | File: src/reducers/editor.js
[INFO] [BM25] Score: 2.4375 | Repo: react-redux-realworld-example-app | File: src/reducers/common.js
[INFO] [BM25] Relevance Score: 76 | Repo: react-redux-realworld-example-app | File: src/reducers/common.js
[INFO] [BM25] Score: 2.3654 | Repo: react-redux-realworld-example-app | File: src/components/ArticleList.js
[INFO] [BM25] Relevance Score: 72 | Repo: react-redux-realworld-example-app | File: src/components/ArticleList.js
[INFO] [BM25] Dropped zero-score file: repo=react-redux-realworld-example-app path=src/constants/actionTypes.js
[INFO] [BM25] Dropped zero-score file: repo=node-express-realworld-example-app path=src/app/routes/article/article.mapper.ts
[INFO] [BM25] Dropped zero-score file: repo=node-express-realworld-example-app path=src/app/routes/article/article.model.ts
[INFO] BM25 Ranking complete. Retained top 9 files out of 12.
[INFO] SUCCESS: Exported filtered impact components configuration (with BM25) to: C:\New folder\Delivery Infusion\HP\Java\rca\filtered_multi_repo_code_impact_code_bm25.json
[INFO] 
--- Phase 4: Triggering Deep Level RCA at 50000 tokens (Horizontal Iter: 0) ---
[INFO] ================ Phase 4, Step 1: Re Organization (Target: 50000 tokens) ================
[INFO] Phase 4 Complete. Selected 9 files out of 9 total available across 2 repositories.
[INFO] ================ Phase 4, Step 2: DEEP LEVEL WF CALL (Workflow: 18926) ================
[INFO] [Phase-4] Triggered successfully! Execution ID: 732efc5f-cf03-4cf5-9009-0d37d56e3a4e. Starting poll...
[INFO] [Phase-4] Workflow SUCCESS! Parsing JSON output...
[WARNING] Review Score (45 <= 90) and MISSING FILE indicated. Expanding token knapsack (Vertical).
[INFO] Rubric Scorecard: RUBRIC EVALUATION:

FC-01: Requirement Fulfillment (-25 Points): VIOLATED. The requirement explicitly states 'The API needs a new database field to support this state'. The Main Agent modified the service layer to use a 'published' field in Prisma queries (buildFindAllQuery, getFeed, createArticle, getArticle, updateArticle), but there is NO database schema file (Prisma schema) or migration file included in the code_changes to actually ADD the 'published' field to the Article model in the database. Without the database schema modification, the code will fail at runtime with Prisma errors indicating the 'published' field does not exist. This is a critical omission. PENALTY: -25 points.

FC-02: Syntax Correctness (-15 Points): PASS. The TypeScript and JavaScript syntax in all modified files is valid. No syntax errors detected. PENALTY: 0 points.

OP-01: MODIFY Context (-15 Points): PASS. The existing_code in all three MODIFY operations exactly matches the original source files from the payload. Verified for article.service.ts, agent.js, and Editor.js. PENALTY: 0 points.

OP-02: DEL Safety (-20 Points): NOT APPLICABLE. No DELETE operations present. PENALTY: 0 points.

OP-03: ADD Isolation (-15 Points): NOT APPLICABLE. No ADD operations present. PENALTY: 0 points.

CQ-01: Error Handling (-10 Points): PASS. The backend service already has comprehensive error handling with HttpException for validation and authorization. The new draft logic inherits this pattern. The frontend agent methods return promises that propagate errors to Redux middleware. No new unhandled error paths introduced. PENALTY: 0 points.

CQ-02: Logging Standards (-5 Points): PASS. The codebase does not appear to use explicit logging (no logger imports visible). The new logic follows the existing pattern of relying on error propagation rather than logging. Consistent with project standards. PENALTY: 0 points.

CQ-03: Naming Conventions (-5 Points): PASS. All new code follows existing conventions: camelCase for functions (saveDraft, updateDraft, buildArticle), consistent parameter naming, and TypeScript/JavaScript idioms. PENALTY: 0 points.

SE-01: No Hardcoded Secrets (-40 Points): PASS. No hardcoded passwords, API keys, or secrets introduced. The API_ROOT in agent.js was already present and unchanged. PENALTY: 0 points.

SE-02: Input Validation (-15 Points): PASS. The createArticle function already validates title, description, and body as required fields. The new 'published' parameter is handled with a safe default (published !== false), which treats undefined/null as true (published). This is acceptable for a boolean flag. No new external input vectors introduced without validation. PENALTY: 0 points.

TOTAL PENALTIES: -25 points
FINAL RUBRIC SCORE: 100 - 25 = 75 points
[INFO] Review Feedback: CRITICAL MISSING FILE: The requirement explicitly states 'The API needs a new database field to support this state.' The Main Agent has modified the service layer to reference a 'published' boolean field in multiple Prisma queries (buildFindAllQuery adds 'published: true' filter, getFeed adds 'published: true' filter, createArticle sets 'published: published !== false', getArticle checks '!article.published', updateArticle conditionally sets 'published'), but the Prisma schema file that defines the Article model is completely missing from the code_changes. Without adding the 'published Boolean @default(true)' field to the Article model in the Prisma schema (typically prisma/schema.prisma) and generating a migration, the code will fail at runtime with Prisma errors stating the field does not exist in the database. REQUIRED ACTION: You MUST include the Prisma schema file modification to add the 'published' field to the Article model. The file path is likely 'node-express-realworld-example-app/prisma/schema.prisma' or similar. Additionally, the getArticle function has a critical bug: it attempts to access 'article.author.id' to check authorization for unpublished articles, but the author is selected with only 'username', 'bio', 'image', and 'followedBy' - the 'id' field is NOT included in the select clause, which will cause a runtime error. You must add 'id: true' to the author select in getArticle. The frontend implementation is correct and complete with the 'Save as Draft' button properly wired to the new saveDraft and updateDraft agent methods.
[WARNING] Cannot expand chunking (all files included), but doing one horizontal retry.
[INFO] 
--- Phase 4: Triggering Deep Level RCA at 50000 tokens (Horizontal Iter: 1) ---
[INFO] ================ Phase 4, Step 1: Re Organization (Target: 50000 tokens) ================
[INFO] Phase 4 Complete. Selected 9 files out of 9 total available across 2 repositories.
[INFO] ================ Phase 4, Step 2: DEEP LEVEL WF CALL (Workflow: 18926) ================
[INFO] [Phase-4] Triggered successfully! Execution ID: 6bc97728-c014-4a9f-ab9d-afa0be8ec08e. Starting poll...
[INFO] [Phase-4] Workflow SUCCESS! Parsing JSON output...
[WARNING] Review Score (60 <= 90) and MISSING FILE indicated. Expanding token knapsack (Vertical).
[INFO] Rubric Scorecard: RUBRIC EVALUATION:

1. FUNCTIONAL COMPLETENESS (FC)
   FC-01: Requirement Fulfillment (-25 points) - VIOLATED
   The requirement explicitly states 'The API needs a new database field to support this state.' The Main Agent has modified the service layer to reference a 'published' boolean field in multiple Prisma queries (buildFindAllQuery adds 'published: true' filter, getFeed adds 'published: true' filter, createArticle sets 'published: published !== false', getArticle checks '!article.published', updateArticle conditionally sets 'published'), but the Prisma schema file that defines the Article model is completely missing from the code_changes. Without adding the 'published Boolean @default(true)' field to the Article model in the Prisma schema and generating a migration, the code will fail at runtime with Prisma errors stating the field does not exist in the database.
   
   FC-02: Syntax Correctness (0 points) - PASSED
   All code has valid syntax for TypeScript and JavaScript.

2. OPERATION CORRECTNESS (OP)
   OP-01: MODIFY Context (0 points) - PASSED
   The existing_code in all MODIFY operations matches the original source files exactly.
   
   OP-02: DEL Safety (0 points) - PASSED
   No DELETE operations present.
   
   OP-03: ADD Isolation (0 points) - PASSED
   No ADD operations present.

3. CODE QUALITY & STANDARDS (CQ)
   CQ-01: Error Handling (0 points) - PASSED
   Existing error handling is preserved in all database operations.
   
   CQ-02: Logging Standards (0 points) - PASSED
   No complex new logic requiring additional logging.
   
   CQ-03: Naming Conventions (0 points) - PASSED
   All new variables and functions follow existing naming conventions.

4. SECURITY & SAFETY (SE)
   SE-01: No Hardcoded Secrets (0 points) - PASSED
   No hardcoded secrets introduced.
   
   SE-02: Input Validation (0 points) - PASSED
   The 'published' field is properly validated using type checking (published !== false, typeof article.published === 'boolean').

TOTAL PENALTY POINTS: 25
FINAL RUBRIC SCORE: 75/100
[INFO] Review Feedback: CRITICAL MISSING FILE: The requirement explicitly states 'The API needs a new database field to support this state.' The Main Agent has modified the service layer to reference a 'published' boolean field in multiple Prisma queries (buildFindAllQuery adds 'published: true' filter, getFeed adds 'published: true' filter, createArticle sets 'published: published !== false', getArticle checks '!article.published' and 'article.author.id', updateArticle conditionally sets 'published'), but the Prisma schema file that defines the Article model is completely missing from the code_changes. Without adding the 'published Boolean @default(true)' field to the Article model in the Prisma schema (typically prisma/schema.prisma) and generating a migration, the code will fail at runtime with Prisma errors stating the field does not exist in the database. REQUIRED ACTION: You MUST include the Prisma schema file modification to add the 'published' field to the Article model. The file path is likely 'node-express-realworld-example-app/prisma/schema.prisma' or similar. The schema modification should add 'published Boolean @default(true)' to the Article model, and you should also include a Prisma migration file to apply this database change. The frontend implementation is correct and complete with the 'Save as Draft' button properly wired to the new saveDraft and updateDraft agent methods. The backend service logic correctly handles the published field, but without the schema definition, this implementation is incomplete and will not function.
[WARNING] Cannot expand chunking; all files are already included and max horizontal retries reached! Exiting loop.
[INFO] Final Deep Level RCA Report exported to: C:\New folder\Delivery Infusion\HP\Java\rca\final_deep_rca_report.json
[INFO] ================ PHASE 5: AUTO-PATCHING & ARTIFACT UPLOAD ================
[INFO] --- Phase 5 - Step 1: Automated GitHub Patching ---
[INFO] --- [Phase 5] Processing Repository: react-redux-realworld-example-app ---
[INFO] Created blob for file: src/agent.js
[INFO] Created blob for file: src/components/Editor.js
[INFO] Created blob for artifact: pipeline_execution.log
[INFO] Created blob for artifact: inter_repo_dep_tree.json
[INFO] Created blob for artifact: multi_repo_code_impact_code.json
[INFO] Created blob for artifact: filtered_multi_repo_code_impact_code.json
[INFO] Created blob for artifact: filtered_multi_repo_code_impact_code_bm25.json
[INFO] Created blob for artifact: deep_level_rca_payload.json
[INFO] Created blob for artifact: final_deep_rca_report.json
[INFO] Created blob for artifact: intra_repo_dep_tree_react-redux-realworld-example-app.json
[INFO] Created blob for artifact: intra_repo_dep_tree_node-express-realworld-example-app.json
[INFO] Successfully created branch rca-fix-20260701_230119 for react-redux-realworld-example-app with commit 4019b2e85e058c26ff803e60743f2fa36c4d35b7
[INFO] --- [Phase 5] Processing Repository: node-express-realworld-example-app ---
[INFO] Created blob for file: src/app/routes/article/article.service.ts
[INFO] Successfully created branch rca-fix-20260701_230119 for node-express-realworld-example-app with commit dc8f385b10a0f21fec25d844c4fa2cebf02f97e0
[INFO] 
================ PHASE 5 OUTPUT ================
[INFO] Repo: react-redux-realworld-example-app | Branch URL: https://github.com/SCpradhan/react-redux-realworld-example-app/tree/rca-fix-20260701_230119 | Commit SHA: 4019b2e85e058c26ff803e60743f2fa36c4d35b7
[INFO] Repo: node-express-realworld-example-app | Branch URL: https://github.com/SCpradhan/node-express-realworld-example-app/tree/rca-fix-20260701_230119 | Commit SHA: dc8f385b10a0f21fec25d844c4fa2cebf02f97e0
[INFO] --- Phase 5 - Step 2: Posting details to Jira Comments ---
[INFO] Successfully posted comment to Jira issue HAP-1499.
[INFO] ================ Final Results Aggregation Matrix ================
[INFO] --- Final Extracted Manifest Multi-Repository Dictionary ---
[INFO] ================ Pipeline Lifecycle Execution Completed Successfully ================
[INFO] ================ Starting Automation Pipeline Execution Lifecycle RCA_19_3 ================
[INFO] ================ PHASE 0: JIRA INTEGRATION ================
[INFO] Fetching issue HAP-1499 from https://aavaqe.atlassian.net...
[INFO] Detected Jira issue type 'Story'. Set INTENT to 'feature_flow'.
[INFO] Successfully fetched combined summary+description for HAP-1499 (318 chars).
[INFO] Dynamically populated QUERY from Jira HAP-1499 : Authors want to save their articles as drafts before publishing them publicly

Implement a Draft feature for articles. Users should be able to save articles as drafts without publishing them.

The API needs a new database field to support this state, and the frontend needs a 'Save as Draft' button on the editor page.
[INFO] ================ PHASE 1: GLOBAL TOPOLOGY GENERATION ================
[INFO] --- [PHASE 1] Processing Repository: react-redux-realworld-example-app (Branch: master) ---
[INFO] Phase 1 - Step 1 [react-redux-realworld-example-app]: Fetching supported languages for repository SCpradhan/react-redux-realworld-example-app...
[INFO] [react-redux-realworld-example-app] Detected languages from GitHub: ['JavaScript', 'HTML']
[INFO] Phase 1 - Step 2 [react-redux-realworld-example-app]: Mapping language signatures to standard target extensions...
[INFO] [react-redux-realworld-example-app] Matched language [JavaScript] -> Registered extensions: ['.js', '.jsx', '.mjs', '.cjs']
[WARNING] [react-redux-realworld-example-app] Language [HTML] not present in standard target table. Discarding.
[INFO] [react-redux-realworld-example-app] Final targeting extension whitelist: ['.sass', '.scss', '.sql', '.graphql', '.xml', '.svelte', '.htm', '.jsx', '.less', '.yaml', '.gql', '.json', '.yml', '.tsx', '.html', '.prisma', '.vue', '.js', '.mjs', '.cjs', '.css', '.astro']
[INFO] [react-redux-realworld-example-app] Optimizing context pull: Downloading full repository zip archive...
[INFO] --- Phase 1 - Step 3 [react-redux-realworld-example-app]: Generating Language-Aware Intra-Repo Dependency Tree (Whitelisted Extensions Only) ---
[INFO]   [Whitelisted File Context] package.json ──► Links: ['src/agent.js']
[INFO]   [Whitelisted File Context] src/agent.js ──► Links: ['src/components/Login.js', 'src/components/Register.js', 'src/reducers/article.js', 'src/components/Profile.js', 'src/reducers/profile.js', 'src/components/Article/Comment.js']
[INFO]   [Whitelisted File Context] src/components/App.js ──► Links: ['../components/Home', '../components/ProfileFavorites', 'src/reducers/article.js', 'src/components/Editor.js', './Header', '../components/Settings', '../agent', '../components/Register', '../constants/actionTypes', 'src/store.js', 'src/components/Register.js', 'src/constants/actionTypes.js', 'src/agent.js', '../store', 'src/components/Login.js', 'src/reducers/common.js', '../components/Login', 'src/reducers/settings.js', '../components/Article', 'src/components/ProfileFavorites.js', 'src/components/Settings.js', '../components/Profile', 'src/reducers/editor.js', 'src/components/Header.js', 'src/components/Profile.js', 'src/reducers/profile.js', '../components/Editor']
[INFO]   [Whitelisted File Context] src/components/Article/ArticleActions.js ──► Links: ['src/agent.js', 'src/reducers/article.js', 'src/reducers/editor.js', 'src/components/Editor.js', '../../agent', '../../constants/actionTypes', 'src/constants/actionTypes.js']
[INFO]   [Whitelisted File Context] src/components/Article/ArticleMeta.js ──► Links: ['./ArticleActions', 'src/components/Article/ArticleActions.js', 'src/reducers/article.js']
[INFO]   [Whitelisted File Context] src/components/Article/Comment.js ──► Links: ['./DeleteButton', 'src/components/Article/DeleteButton.js']
[INFO]   [Whitelisted File Context] src/components/Article/CommentContainer.js ──► Links: ['src/components/Login.js', 'src/components/Register.js', './CommentList', 'src/components/Article/CommentInput.js', 'src/components/Article/CommentList.js', 'src/reducers/article.js', './CommentInput', 'src/components/Article/Comment.js']
[INFO]   [Whitelisted File Context] src/components/Article/CommentInput.js ──► Links: ['src/agent.js', '../../agent', 'src/components/Article/Comment.js', '../../constants/actionTypes', 'src/constants/actionTypes.js']
[INFO]   [Whitelisted File Context] src/components/Article/CommentList.js ──► Links: ['./Comment', 'src/components/Article/Comment.js']
[INFO]   [Whitelisted File Context] src/components/Article/DeleteButton.js ──► Links: ['src/agent.js', '../../agent', 'src/components/Article/Comment.js', '../../constants/actionTypes', 'src/constants/actionTypes.js']
[INFO]   [Whitelisted File Context] src/components/Article/index.js ──► Links: ['src/agent.js', 'src/components/Article/ArticleMeta.js', 'src/components/Home/Banner.js', 'src/reducers/common.js', 'src/reducers/article.js', 'src/constants/actionTypes.js', './ArticleMeta', 'src/components/Article/CommentContainer.js', '../../agent', 'src/components/Article/Comment.js', '../../constants/actionTypes', './CommentContainer']
[INFO]   [Whitelisted File Context] src/components/ArticleList.js ──► Links: ['./ListPagination', './ArticlePreview', 'src/reducers/article.js', 'src/reducers/articleList.js', 'src/components/ArticlePreview.js', 'src/components/ListPagination.js']
[INFO]   [Whitelisted File Context] src/components/ArticlePreview.js ──► Links: ['src/agent.js', '../agent', 'src/reducers/article.js', '../constants/actionTypes', 'src/constants/actionTypes.js']
[INFO]   [Whitelisted File Context] src/components/Editor.js ──► Links: ['src/agent.js', '../agent', 'src/components/ListErrors.js', 'src/reducers/article.js', 'src/reducers/editor.js', '../constants/actionTypes', './ListErrors', 'src/constants/actionTypes.js']
[INFO]   [Whitelisted File Context] src/components/Header.js ──► Links: ['src/components/Login.js', 'src/components/Settings.js', 'src/reducers/settings.js', 'src/reducers/editor.js', 'src/components/Editor.js', 'src/components/Register.js']
[INFO]   [Whitelisted File Context] src/components/Home/MainView.js ──► Links: ['src/agent.js', 'src/reducers/common.js', '../ArticleList', 'src/reducers/article.js', 'src/components/ArticleList.js', 'src/reducers/articleList.js', '../../agent', '../../constants/actionTypes', 'src/constants/actionTypes.js']
[INFO]   [Whitelisted File Context] src/components/Home/Tags.js ──► Links: ['../../agent', 'src/reducers/article.js', 'src/agent.js']
[INFO]   [Whitelisted File Context] src/components/Home/index.js ──► Links: ['src/agent.js', './MainView', 'src/reducers/common.js', 'src/components/Home/Banner.js', 'src/components/Home/MainView.js', 'src/reducers/article.js', './Banner', '../../agent', '../../constants/actionTypes', 'src/constants/actionTypes.js', './Tags']
[INFO]   [Whitelisted File Context] src/components/ListPagination.js ──► Links: ['src/agent.js', '../agent', 'src/reducers/article.js', '../constants/actionTypes', 'src/constants/actionTypes.js']
[INFO]   [Whitelisted File Context] src/components/Login.js ──► Links: ['src/agent.js', '../agent', 'src/components/ListErrors.js', '../constants/actionTypes', 'src/components/Register.js', './ListErrors', 'src/constants/actionTypes.js']
[INFO]   [Whitelisted File Context] src/components/Profile.js ──► Links: ['src/agent.js', '../agent', './ArticleList', 'src/reducers/common.js', 'src/components/Settings.js', 'src/reducers/settings.js', 'src/reducers/article.js', 'src/components/ArticleList.js', 'src/reducers/articleList.js', 'src/reducers/profile.js', '../constants/actionTypes', 'src/constants/actionTypes.js']
[INFO]   [Whitelisted File Context] src/components/ProfileFavorites.js ──► Links: ['src/agent.js', '../agent', './Profile', 'src/reducers/article.js', 'src/components/Profile.js', 'src/reducers/profile.js', '../constants/actionTypes', 'src/constants/actionTypes.js']
[INFO]   [Whitelisted File Context] src/components/Register.js ──► Links: ['src/agent.js', 'src/components/Login.js', '../agent', 'src/components/ListErrors.js', '../constants/actionTypes', './ListErrors', 'src/constants/actionTypes.js']
[INFO]   [Whitelisted File Context] src/components/Settings.js ──► Links: ['src/agent.js', '../agent', 'src/reducers/common.js', 'src/reducers/settings.js', 'src/components/ListErrors.js', 'src/components/Profile.js', 'src/reducers/profile.js', '../constants/actionTypes', './ListErrors', 'src/constants/actionTypes.js']
[INFO]   [Whitelisted File Context] src/constants/actionTypes.js ──► Links: ['src/components/Article/Comment.js', 'src/components/Login.js', 'src/components/Settings.js', 'src/reducers/settings.js', 'src/reducers/article.js', 'src/reducers/editor.js', 'src/components/Editor.js', 'src/components/Profile.js', 'src/reducers/profile.js', 'src/components/Register.js']
[INFO]   [Whitelisted File Context] src/index.js ──► Links: ['./components/App', 'src/store.js', './store']
[INFO]   [Whitelisted File Context] src/middleware.js ──► Links: ['src/agent.js', 'src/components/Login.js', './constants/actionTypes', './agent', 'src/store.js', 'src/components/Register.js', 'src/constants/actionTypes.js']
[INFO]   [Whitelisted File Context] src/reducer.js ──► Links: ['src/reducers/article.js', 'src/components/Editor.js', 'src/reducers/articleList.js', './reducers/editor', './reducers/profile', './reducers/auth', './reducers/settings', './reducers/articleList', './reducers/home', './reducers/article', 'src/reducers/common.js', 'src/reducers/settings.js', 'src/components/ArticleList.js', 'src/components/Settings.js', 'src/reducers/editor.js', 'src/components/Profile.js', 'src/reducers/profile.js', './reducers/common']
[INFO]   [Whitelisted File Context] src/reducers/article.js ──► Links: ['src/components/Article/Comment.js', 'src/constants/actionTypes.js', '../constants/actionTypes']
[INFO]   [Whitelisted File Context] src/reducers/articleList.js ──► Links: ['src/reducers/article.js', 'src/components/Profile.js', 'src/reducers/profile.js', '../constants/actionTypes', 'src/constants/actionTypes.js']
[INFO]   [Whitelisted File Context] src/reducers/auth.js ──► Links: ['src/components/Register.js', 'src/components/Login.js', 'src/constants/actionTypes.js', '../constants/actionTypes']
[INFO]   [Whitelisted File Context] src/reducers/common.js ──► Links: ['src/components/Login.js', 'src/components/Settings.js', 'src/reducers/settings.js', 'src/reducers/article.js', 'src/reducers/editor.js', 'src/components/Editor.js', 'src/components/Profile.js', 'src/reducers/profile.js', '../constants/actionTypes', 'src/components/Register.js', 'src/constants/actionTypes.js']
[INFO]   [Whitelisted File Context] src/reducers/editor.js ──► Links: ['src/reducers/article.js', 'src/components/Editor.js', 'src/constants/actionTypes.js', '../constants/actionTypes']
[INFO]   [Whitelisted File Context] src/reducers/home.js ──► Links: ['src/constants/actionTypes.js', '../constants/actionTypes']
[INFO]   [Whitelisted File Context] src/reducers/profile.js ──► Links: ['src/components/Profile.js', 'src/constants/actionTypes.js', '../constants/actionTypes']
[INFO]   [Whitelisted File Context] src/reducers/settings.js ──► Links: ['src/components/Settings.js', 'src/constants/actionTypes.js', '../constants/actionTypes']
[INFO]   [Whitelisted File Context] src/store.js ──► Links: ['./reducer', './middleware', 'redux-devtools-extension/developmentOnly', 'history/createBrowserHistory', 'src/middleware.js', 'src/reducer.js']
[INFO] SUCCESS: Exported Whitelisted Intra-Repo dependency map to: C:\New folder\Delivery Infusion\HP\Java\rca\intra_repo_dep_tree_react-redux-realworld-example-app.json
[INFO] --- [PHASE 1] Processing Repository: node-express-realworld-example-app (Branch: master) ---
[INFO] Phase 1 - Step 1 [node-express-realworld-example-app]: Fetching supported languages for repository SCpradhan/node-express-realworld-example-app...
[INFO] [node-express-realworld-example-app] Detected languages from GitHub: ['TypeScript', 'Dockerfile', 'JavaScript']
[INFO] Phase 1 - Step 2 [node-express-realworld-example-app]: Mapping language signatures to standard target extensions...
[INFO] [node-express-realworld-example-app] Matched language [TypeScript] -> Registered extensions: ['.ts', '.tsx']
[WARNING] [node-express-realworld-example-app] Language [Dockerfile] not present in standard target table. Discarding.
[INFO] [node-express-realworld-example-app] Matched language [JavaScript] -> Registered extensions: ['.js', '.jsx', '.mjs', '.cjs']
[INFO] [node-express-realworld-example-app] Final targeting extension whitelist: ['.sass', '.scss', '.sql', '.graphql', '.xml', '.svelte', '.htm', '.jsx', '.less', '.yaml', '.gql', '.json', '.yml', '.tsx', '.html', '.prisma', '.vue', '.js', '.mjs', '.cjs', '.ts', '.css', '.astro']
[INFO] [node-express-realworld-example-app] Optimizing context pull: Downloading full repository zip archive...
[INFO] --- Phase 1 - Step 3 [node-express-realworld-example-app]: Generating Language-Aware Intra-Repo Dependency Tree (Whitelisted Extensions Only) ---
[INFO]   [Whitelisted File Context] e2e/jest.config.ts ──► Links: ['e2e/tsconfig.spec.json', 'e2e/src/support/test-setup.ts', 'e2e/src/support/global-setup.ts', '.vscode/extensions.json', 'e2e/src/support/global-teardown.ts', 'e2e/tsconfig.json']
[INFO]   [Whitelisted File Context] e2e/project.json ──► Links: ['src/prisma/schema.prisma']
[INFO]   [Whitelisted File Context] e2e/tsconfig.json ──► Links: ['e2e/tsconfig.spec.json']
[INFO]   [Whitelisted File Context] e2e/tsconfig.spec.json ──► Links: ['e2e/tsconfig.json']
[INFO]   [Whitelisted File Context] jest.config.ts ──► Links: ['e2e/tsconfig.spec.json', '.vscode/extensions.json', 'e2e/tsconfig.json']
[INFO]   [Whitelisted File Context] nx.json ──► Links: ['e2e/project.json', 'src/prisma/schema.prisma', 'e2e/tsconfig.spec.json', 'e2e/src/support/test-setup.ts', 'e2e/tsconfig.json']
[INFO]   [Whitelisted File Context] package-lock.json ──► Links: ['e2e/project.json', 'src/prisma/schema.prisma', 'e2e/src/server/server.spec.ts', 'e2e/tsconfig.spec.json', 'src/app/routes/article/comment.model.ts', 'src/app/routes/auth/token.utils.ts', 'e2e/tsconfig.json']
[INFO]   [Whitelisted File Context] package.json ──► Links: ['src/prisma/schema.prisma', 'src/app/routes/auth/token.utils.ts']
[INFO]   [Whitelisted File Context] project.json ──► Links: ['e2e/project.json', 'src/prisma/schema.prisma', 'e2e/tsconfig.spec.json', 'e2e/tsconfig.json']
[INFO]   [Whitelisted File Context] src/app/routes/article/article.controller.ts ──► Links: ['src/app/routes/article/article.model.ts', 'src/app/routes/article/article.service.ts', 'src/app/routes/article/article.mapper.ts', './article.service', 'src/app/routes/article/comment.model.ts', 'src/app/routes/article/author.mapper.ts', 'src/tests/services/article.service.test.ts', '../auth/auth']
[INFO]   [Whitelisted File Context] src/app/routes/article/article.mapper.ts ──► Links: ['src/app/routes/article/article.model.ts', 'src/app/routes/article/article.service.ts', './author.mapper', 'src/tests/services/article.service.test.ts', 'src/app/routes/article/author.mapper.ts', 'src/app/routes/article/article.controller.ts']
[INFO]   [Whitelisted File Context] src/app/routes/article/article.model.ts ──► Links: ['./comment.model', 'src/app/routes/article/article.service.ts', 'src/app/routes/article/article.mapper.ts', 'src/app/routes/article/comment.model.ts', 'src/tests/services/article.service.test.ts', 'src/app/routes/article/article.controller.ts']
[INFO]   [Whitelisted File Context] src/app/routes/article/article.service.ts ──► Links: ['src/app/routes/profile/profile.controller.ts', 'src/app/routes/article/article.model.ts', '../profile/profile.utils', '../../models/http-exception.model', 'src/app/models/http-exception.model.ts', 'src/tests/services/profile.service.test.ts', 'src/app/routes/profile/profile.utils.ts', 'src/app/routes/article/article.mapper.ts', 'src/app/routes/profile/profile.service.ts', '../../../prisma/prisma-client', './article.mapper', 'src/app/routes/article/comment.model.ts', 'src/tests/services/article.service.test.ts', 'src/app/routes/article/author.mapper.ts', 'src/app/routes/article/article.controller.ts', 'src/app/routes/profile/profile.model.ts', 'src/tests/utils/profile.utils.test.ts', '../tag/tag.model', 'src/prisma/prisma-client.ts']
[INFO]   [Whitelisted File Context] src/app/routes/article/author.mapper.ts ──► Links: ['../auth/user.model']
[INFO]   [Whitelisted File Context] src/app/routes/article/comment.model.ts ──► Links: ['src/app/routes/article/article.model.ts', 'src/app/routes/article/article.service.ts', './article.model', 'src/app/routes/article/article.mapper.ts', 'src/tests/services/article.service.test.ts', 'src/app/routes/article/article.controller.ts']
[INFO]   [Whitelisted File Context] src/app/routes/auth/auth.controller.ts ──► Links: ['./auth', './auth.service']
[INFO]   [Whitelisted File Context] src/app/routes/auth/auth.service.ts ──► Links: ['./registered-user.model', './user.model', 'src/app/routes/auth/register-input.model.ts', 'src/app/routes/auth/registered-user.model.ts', './register-input.model', '../../../prisma/prisma-client', '../../models/http-exception.model', './token.utils', 'src/app/models/http-exception.model.ts', 'src/app/routes/auth/token.utils.ts', 'src/prisma/prisma-client.ts']
[INFO]   [Whitelisted File Context] src/app/routes/auth/auth.ts ──► Links: ['src/app/routes/auth/token.utils.ts', 'src/app/routes/article/author.mapper.ts']
[INFO]   [Whitelisted File Context] src/app/routes/auth/registered-user.model.ts ──► Links: ['src/app/routes/auth/token.utils.ts']
[INFO]   [Whitelisted File Context] src/app/routes/auth/user.model.ts ──► Links: ['src/app/routes/article/article.model.ts', '../article/article.model', 'src/app/routes/article/article.service.ts', 'src/app/routes/article/article.mapper.ts', 'src/app/routes/article/comment.model.ts', 'src/tests/services/article.service.test.ts', 'src/app/routes/article/article.controller.ts', '../article/comment.model']
[INFO]   [Whitelisted File Context] src/app/routes/profile/profile.controller.ts ──► Links: ['./profile.service', 'src/tests/utils/profile.utils.test.ts', 'src/app/routes/profile/profile.utils.ts', 'src/app/routes/profile/profile.service.ts', 'src/app/routes/profile/profile.model.ts', '../auth/auth', 'src/tests/services/profile.service.test.ts']
[INFO]   [Whitelisted File Context] src/app/routes/profile/profile.model.ts ──► Links: ['src/app/routes/profile/profile.controller.ts', 'src/tests/utils/profile.utils.test.ts', 'src/app/routes/profile/profile.utils.ts', 'src/app/routes/profile/profile.service.ts', 'src/tests/services/profile.service.test.ts']
[INFO]   [Whitelisted File Context] src/app/routes/profile/profile.service.ts ──► Links: ['src/app/routes/profile/profile.controller.ts', 'src/tests/utils/profile.utils.test.ts', 'src/tests/services/profile.service.test.ts', 'src/app/routes/profile/profile.utils.ts', './profile.utils', '../../models/http-exception.model', 'src/prisma/prisma-client.ts', 'src/app/models/http-exception.model.ts', 'src/app/routes/profile/profile.model.ts', '../../../prisma/prisma-client']
[INFO]   [Whitelisted File Context] src/app/routes/profile/profile.utils.ts ──► Links: ['src/app/routes/profile/profile.controller.ts', './profile.model', 'src/tests/utils/profile.utils.test.ts', 'src/app/routes/profile/profile.service.ts', 'src/app/routes/profile/profile.model.ts', 'src/tests/services/profile.service.test.ts', '../auth/user.model']
[INFO]   [Whitelisted File Context] src/app/routes/routes.ts ──► Links: ['./auth/auth.controller', 'src/app/routes/profile/profile.controller.ts', 'src/app/routes/article/article.model.ts', 'src/app/routes/article/article.service.ts', 'src/tests/utils/profile.utils.test.ts', 'src/app/routes/article/article.controller.ts', 'src/app/routes/profile/profile.utils.ts', 'src/app/routes/article/article.mapper.ts', 'src/app/routes/profile/profile.service.ts', 'src/tests/services/article.service.test.ts', './tag/tag.controller', 'src/app/routes/profile/profile.model.ts', './profile/profile.controller', './article/article.controller', 'src/tests/services/profile.service.test.ts']
[INFO]   [Whitelisted File Context] src/app/routes/tag/tag.controller.ts ──► Links: ['../auth/auth', './tag.service']
[INFO]   [Whitelisted File Context] src/app/routes/tag/tag.service.ts ──► Links: ['src/app/routes/article/article.model.ts', './tag.model', 'src/app/routes/article/article.service.ts', 'src/app/routes/article/article.mapper.ts', 'src/prisma/prisma-client.ts', 'src/tests/services/article.service.test.ts', 'src/app/routes/article/author.mapper.ts', 'src/app/routes/article/article.controller.ts', '../../../prisma/prisma-client']
[INFO]   [Whitelisted File Context] src/main.ts ──► Links: ['./app/models/http-exception.model', 'e2e/src/server/server.spec.ts', './app/routes/routes', 'src/app/routes/routes.ts', 'src/app/models/http-exception.model.ts', 'src/app/routes/article/author.mapper.ts']
[INFO]   [Whitelisted File Context] src/prisma/migrations/20210924225358_initial/migration.sql ──► Links: ['src/app/routes/article/article.model.ts', 'src/app/routes/article/article.service.ts', 'src/app/routes/article/article.mapper.ts', 'src/app/routes/article/comment.model.ts', 'src/tests/services/article.service.test.ts', 'src/app/routes/article/author.mapper.ts', 'src/app/routes/article/article.controller.ts']
[INFO]   [Whitelisted File Context] src/prisma/migrations/20211001143221_implicit_tags/migration.sql ──► Links: ['src/app/routes/article/article.model.ts', 'src/app/routes/article/article.service.ts', 'src/app/routes/article/article.mapper.ts', 'src/tests/services/article.service.test.ts', 'src/app/routes/article/article.controller.ts']
[INFO]   [Whitelisted File Context] src/prisma/migrations/20211221184529_deprecated_preview/migration.sql ──► Links: ['src/app/routes/article/article.model.ts', 'src/app/routes/article/article.service.ts', 'src/app/routes/article/article.mapper.ts', 'src/tests/services/article.service.test.ts', 'src/app/routes/article/article.controller.ts']
[INFO]   [Whitelisted File Context] src/prisma/prisma-client.ts ──► Links: ['@prisma/client']
[INFO]   [Whitelisted File Context] src/prisma/schema.prisma ──► Links: ['src/app/routes/article/article.model.ts', 'src/app/routes/article/article.service.ts', 'src/app/routes/article/article.mapper.ts', 'src/app/routes/article/comment.model.ts', 'src/prisma/prisma-client.ts', 'src/tests/services/article.service.test.ts', 'src/app/routes/article/author.mapper.ts', 'src/app/routes/article/article.controller.ts']
[INFO]   [Whitelisted File Context] src/prisma/seed.ts ──► Links: ['../app/routes/article/article.service', '@prisma/client', 'src/app/routes/article/article.model.ts', 'src/app/routes/auth/registered-user.model.ts', 'src/app/routes/article/article.service.ts', '../app/routes/auth/registered-user.model', '@ngneat/falso', 'src/app/routes/article/article.mapper.ts', 'src/app/routes/article/comment.model.ts', 'src/app/routes/routes.ts', 'src/tests/services/article.service.test.ts', 'src/app/routes/article/article.controller.ts', '../app/routes/auth/auth.service']
[INFO]   [Whitelisted File Context] src/tests/prisma-mock.ts ──► Links: ['@prisma/client', '../prisma/prisma-client', 'src/prisma/prisma-client.ts']
[INFO]   [Whitelisted File Context] src/tests/services/article.service.test.ts ──► Links: ['src/app/routes/auth/token.utils.ts', 'src/app/routes/article/article.model.ts', 'src/tests/prisma-mock.ts', '../prisma-mock', '../../app/routes/article/article.service', 'src/app/routes/article/article.service.ts', 'src/app/routes/article/article.mapper.ts', 'src/app/routes/article/comment.model.ts', 'src/app/routes/routes.ts', 'src/app/routes/article/author.mapper.ts', 'src/app/routes/article/article.controller.ts']
[INFO]   [Whitelisted File Context] src/tests/services/auth.service.test.ts ──► Links: ['src/tests/prisma-mock.ts', '../../app/routes/auth/auth.service', '../prisma-mock', 'src/app/routes/routes.ts', 'src/app/routes/auth/token.utils.ts']
[INFO]   [Whitelisted File Context] src/tests/services/profile.service.test.ts ──► Links: ['src/app/routes/profile/profile.controller.ts', 'src/tests/prisma-mock.ts', '../prisma-mock', 'src/tests/utils/profile.utils.test.ts', 'src/app/routes/profile/profile.utils.ts', '../../app/routes/profile/profile.service', 'src/app/routes/routes.ts', 'src/app/routes/profile/profile.service.ts', 'src/app/routes/auth/token.utils.ts', 'src/app/routes/profile/profile.model.ts']
[INFO]   [Whitelisted File Context] src/tests/utils/profile.utils.test.ts ──► Links: ['src/app/routes/profile/profile.controller.ts', '../../app/routes/profile/profile.utils', 'src/app/routes/profile/profile.utils.ts', 'src/app/routes/routes.ts', 'src/app/routes/profile/profile.service.ts', 'src/app/routes/profile/profile.model.ts', 'src/tests/services/profile.service.test.ts']
[INFO]   [Whitelisted File Context] tsconfig.app.json ──► Links: ['e2e/tsconfig.json', 'e2e/tsconfig.spec.json']
[INFO]   [Whitelisted File Context] tsconfig.json ──► Links: ['e2e/tsconfig.json', 'e2e/tsconfig.spec.json']
[INFO]   [Whitelisted File Context] tsconfig.spec.json ──► Links: ['e2e/tsconfig.json', 'e2e/tsconfig.spec.json']
[INFO] SUCCESS: Exported Whitelisted Intra-Repo dependency map to: C:\New folder\Delivery Infusion\HP\Java\rca\intra_repo_dep_tree_node-express-realworld-example-app.json
[INFO] 
---Phase 1 - Step 4 ====== Generating Global Cross-Repo Dependency Tree ================
[INFO] [Repository Axis] react-redux-realworld-example-app ──► References Workspace Targets: []
[INFO] [Repository Axis] node-express-realworld-example-app ──► References Workspace Targets: []
[INFO] SUCCESS: Exported Inter-Repo topology tracking map to: C:\New folder\Delivery Infusion\HP\Java\rca\inter_repo_dep_tree.json
[INFO] ================ PHASE 2: SEARCH, EXPAND & EXTRACT ================
[INFO] --- [PHASE 2] Processing Repository: react-redux-realworld-example-app (Branch: master) ---
[INFO] Phase 2 - Step 1 [react-redux-realworld-example-app]: Sending request to AAVA Search Endpoint (Attempt 1/3)...
[INFO] [react-redux-realworld-example-app] Successfully retrieved structural payload with 40 records from search.
[INFO] Phase 2 - Step 2 [react-redux-realworld-example-app]: Evaluating structural records against similarity boundaries (>= 0.01)...
[INFO] [react-redux-realworld-example-app] Accepted path [Similarity: 10.0313]: src/reducers/editor.js
[INFO] [react-redux-realworld-example-app] Accepted path [Similarity: 10.0196]: src/components/Editor.js
[INFO] [react-redux-realworld-example-app] Accepted path [Similarity: 10.0075]: src/components/ArticlePreview.js
[INFO] [react-redux-realworld-example-app] Accepted path [Similarity: 10.0018]: src/components/Article/index.js
[INFO] [react-redux-realworld-example-app] Accepted path [Similarity: 9.9854]: src/components/Article/ArticleMeta.js
[INFO] [react-redux-realworld-example-app] Accepted path [Similarity: 9.9767]: src/components/Home/MainView.js
[INFO] [react-redux-realworld-example-app] Accepted path [Similarity: 0.0299]: src/components/Home/index.js
[INFO] [react-redux-realworld-example-app] Accepted path [Similarity: 0.0292]: src/components/Profile.js
[INFO] [react-redux-realworld-example-app] Accepted path [Similarity: 0.0276]: src/constants/actionTypes.js
[INFO] [react-redux-realworld-example-app] Accepted path [Similarity: 0.0274]: src/components/ProfileFavorites.js
[INFO] [react-redux-realworld-example-app] Accepted path [Similarity: 0.0272]: src/reducers/common.js
[INFO] [react-redux-realworld-example-app] Accepted path [Similarity: 0.0270]: src/reducers/settings.js
[INFO] [react-redux-realworld-example-app] Accepted path [Similarity: 0.0267]: src/components/Article/ArticleActions.js
[INFO] [react-redux-realworld-example-app] Accepted path [Similarity: 0.0265]: src/components/ArticleList.js
[INFO] [react-redux-realworld-example-app] Accepted path [Similarity: 0.0263]: src/reducers/articleList.js
[INFO] [react-redux-realworld-example-app] Accepted path [Similarity: 0.0247]: src/reducers/auth.js
[INFO] [react-redux-realworld-example-app] Accepted path [Similarity: 0.0245]: src/reducer.js
[INFO] [react-redux-realworld-example-app] Accepted path [Similarity: 0.0242]: src/components/Home/Tags.js
[INFO] [react-redux-realworld-example-app] Accepted path [Similarity: 0.0238]: src/components/Settings.js
[INFO] [react-redux-realworld-example-app] Accepted path [Similarity: 0.0235]: src/components/Login.js
[INFO] [react-redux-realworld-example-app] Accepted path [Similarity: 0.0231]: src/components/ListPagination.js
[INFO] [react-redux-realworld-example-app] Accepted path [Similarity: 0.0231]: src/reducers/article.js
[INFO] [react-redux-realworld-example-app] Accepted path [Similarity: 0.0228]: src/components/Register.js
[INFO] [react-redux-realworld-example-app] Extracted 23 completely unique candidate filepath locations.
[INFO] Phase 2 - Step 3 [react-redux-realworld-example-app]: Filtering paths matching targeting extension whitelist...
[INFO] [react-redux-realworld-example-app] Retained path allocation target matching runtime criteria: [src/reducers/editor.js]
[INFO] [react-redux-realworld-example-app] Retained path allocation target matching runtime criteria: [src/components/Editor.js]
[INFO] [react-redux-realworld-example-app] Retained path allocation target matching runtime criteria: [src/components/ArticlePreview.js]
[INFO] [react-redux-realworld-example-app] Retained path allocation target matching runtime criteria: [src/components/Article/index.js]
[INFO] [react-redux-realworld-example-app] Retained path allocation target matching runtime criteria: [src/components/Article/ArticleMeta.js]
[INFO] [react-redux-realworld-example-app] Retained path allocation target matching runtime criteria: [src/components/Home/MainView.js]
[INFO] [react-redux-realworld-example-app] Retained path allocation target matching runtime criteria: [src/components/Home/index.js]
[INFO] [react-redux-realworld-example-app] Retained path allocation target matching runtime criteria: [src/components/Profile.js]
[INFO] [react-redux-realworld-example-app] Retained path allocation target matching runtime criteria: [src/constants/actionTypes.js]
[INFO] [react-redux-realworld-example-app] Retained path allocation target matching runtime criteria: [src/components/ProfileFavorites.js]
[INFO] [react-redux-realworld-example-app] Retained path allocation target matching runtime criteria: [src/reducers/common.js]
[INFO] [react-redux-realworld-example-app] Retained path allocation target matching runtime criteria: [src/reducers/settings.js]
[INFO] [react-redux-realworld-example-app] Retained path allocation target matching runtime criteria: [src/components/Article/ArticleActions.js]
[INFO] [react-redux-realworld-example-app] Retained path allocation target matching runtime criteria: [src/components/ArticleList.js]
[INFO] [react-redux-realworld-example-app] Retained path allocation target matching runtime criteria: [src/reducers/articleList.js]
[INFO] [react-redux-realworld-example-app] Retained path allocation target matching runtime criteria: [src/reducers/auth.js]
[INFO] [react-redux-realworld-example-app] Retained path allocation target matching runtime criteria: [src/reducer.js]
[INFO] [react-redux-realworld-example-app] Retained path allocation target matching runtime criteria: [src/components/Home/Tags.js]
[INFO] [react-redux-realworld-example-app] Retained path allocation target matching runtime criteria: [src/components/Settings.js]
[INFO] [react-redux-realworld-example-app] Retained path allocation target matching runtime criteria: [src/components/Login.js]
[INFO] [react-redux-realworld-example-app] Retained path allocation target matching runtime criteria: [src/components/ListPagination.js]
[INFO] [react-redux-realworld-example-app] Retained path allocation target matching runtime criteria: [src/reducers/article.js]
[INFO] [react-redux-realworld-example-app] Retained path allocation target matching runtime criteria: [src/components/Register.js]
[INFO] Phase 2 - Step 3 Completed [react-redux-realworld-example-app]: Consolidated 23 paths for source code payload downstream consumption.
[INFO] --- Phase 2 - Step 4 [Expansion]: Looking up dependencies for 'react-redux-realworld-example-app' ---
[INFO] [react-redux-realworld-example-app] Expanding [src/reducers/editor.js] with 4 intra-repo dependencies.
[INFO] [react-redux-realworld-example-app] Expanding [src/components/Editor.js] with 8 intra-repo dependencies.
[INFO] [react-redux-realworld-example-app] Expanding [src/components/ArticlePreview.js] with 5 intra-repo dependencies.
[INFO] [react-redux-realworld-example-app] Expanding [src/components/Article/index.js] with 12 intra-repo dependencies.
[INFO] [react-redux-realworld-example-app] Expanding [src/components/Article/ArticleMeta.js] with 3 intra-repo dependencies.
[INFO] [react-redux-realworld-example-app] Expanding [src/components/Home/MainView.js] with 9 intra-repo dependencies.
[INFO] [react-redux-realworld-example-app] Expanding [src/components/Home/index.js] with 11 intra-repo dependencies.
[INFO] [react-redux-realworld-example-app] Expanding [src/components/Profile.js] with 12 intra-repo dependencies.
[INFO] [react-redux-realworld-example-app] Expanding [src/constants/actionTypes.js] with 10 intra-repo dependencies.
[INFO] [react-redux-realworld-example-app] Expanding [src/components/ProfileFavorites.js] with 8 intra-repo dependencies.
[INFO] [react-redux-realworld-example-app] Expanding [src/reducers/common.js] with 11 intra-repo dependencies.
[INFO] [react-redux-realworld-example-app] Expanding [src/reducers/settings.js] with 3 intra-repo dependencies.
[INFO] [react-redux-realworld-example-app] Expanding [src/components/Article/ArticleActions.js] with 7 intra-repo dependencies.
[INFO] [react-redux-realworld-example-app] Expanding [src/components/ArticleList.js] with 6 intra-repo dependencies.
[INFO] [react-redux-realworld-example-app] Expanding [src/reducers/articleList.js] with 5 intra-repo dependencies.
[INFO] [react-redux-realworld-example-app] Expanding [src/reducers/auth.js] with 4 intra-repo dependencies.
[INFO] [react-redux-realworld-example-app] Expanding [src/reducer.js] with 18 intra-repo dependencies.
[INFO] [react-redux-realworld-example-app] Expanding [src/components/Home/Tags.js] with 3 intra-repo dependencies.
[INFO] [react-redux-realworld-example-app] Expanding [src/components/Settings.js] with 10 intra-repo dependencies.
[INFO] [react-redux-realworld-example-app] Expanding [src/components/Login.js] with 7 intra-repo dependencies.
[INFO] [react-redux-realworld-example-app] Expanding [src/components/ListPagination.js] with 5 intra-repo dependencies.
[INFO] [react-redux-realworld-example-app] Expanding [src/reducers/article.js] with 3 intra-repo dependencies.
[INFO] [react-redux-realworld-example-app] Expanding [src/components/Register.js] with 7 intra-repo dependencies.
[INFO] [react-redux-realworld-example-app] Final expanded file count to fetch: 53 (Original Search matches: 23)
[INFO] Phase 2 - Step 5 [react-redux-realworld-example-app]: Beginning local extraction of source file content payloads from memory zip cache...
[INFO] [react-redux-realworld-example-app] Extracting cached content payload context for artifact: [src/reducers/editor.js]
[INFO] [react-redux-realworld-example-app] Successfully tracked code profile mapping dictionary entry for artifact path: [src/reducers/editor.js]
[INFO] [react-redux-realworld-example-app] Extracting cached content payload context for artifact: [src/components/Editor.js]
[INFO] [react-redux-realworld-example-app] Successfully tracked code profile mapping dictionary entry for artifact path: [src/components/Editor.js]
[INFO] [react-redux-realworld-example-app] Extracting cached content payload context for artifact: [src/components/ArticlePreview.js]
[INFO] [react-redux-realworld-example-app] Successfully tracked code profile mapping dictionary entry for artifact path: [src/components/ArticlePreview.js]
[INFO] [react-redux-realworld-example-app] Extracting cached content payload context for artifact: [src/components/Article/index.js]
[INFO] [react-redux-realworld-example-app] Successfully tracked code profile mapping dictionary entry for artifact path: [src/components/Article/index.js]
[INFO] [react-redux-realworld-example-app] Extracting cached content payload context for artifact: [src/components/Article/ArticleMeta.js]
[INFO] [react-redux-realworld-example-app] Successfully tracked code profile mapping dictionary entry for artifact path: [src/components/Article/ArticleMeta.js]
[INFO] [react-redux-realworld-example-app] Extracting cached content payload context for artifact: [src/components/Home/MainView.js]
[INFO] [react-redux-realworld-example-app] Successfully tracked code profile mapping dictionary entry for artifact path: [src/components/Home/MainView.js]
[INFO] [react-redux-realworld-example-app] Extracting cached content payload context for artifact: [src/components/Home/index.js]
[INFO] [react-redux-realworld-example-app] Successfully tracked code profile mapping dictionary entry for artifact path: [src/components/Home/index.js]
[INFO] [react-redux-realworld-example-app] Extracting cached content payload context for artifact: [src/components/Profile.js]
[INFO] [react-redux-realworld-example-app] Successfully tracked code profile mapping dictionary entry for artifact path: [src/components/Profile.js]
[INFO] [react-redux-realworld-example-app] Extracting cached content payload context for artifact: [src/constants/actionTypes.js]
[INFO] [react-redux-realworld-example-app] Successfully tracked code profile mapping dictionary entry for artifact path: [src/constants/actionTypes.js]
[INFO] [react-redux-realworld-example-app] Extracting cached content payload context for artifact: [src/components/ProfileFavorites.js]
[INFO] [react-redux-realworld-example-app] Successfully tracked code profile mapping dictionary entry for artifact path: [src/components/ProfileFavorites.js]
[INFO] [react-redux-realworld-example-app] Extracting cached content payload context for artifact: [src/reducers/common.js]
[INFO] [react-redux-realworld-example-app] Successfully tracked code profile mapping dictionary entry for artifact path: [src/reducers/common.js]
[INFO] [react-redux-realworld-example-app] Extracting cached content payload context for artifact: [src/reducers/settings.js]
[INFO] [react-redux-realworld-example-app] Successfully tracked code profile mapping dictionary entry for artifact path: [src/reducers/settings.js]
[INFO] [react-redux-realworld-example-app] Extracting cached content payload context for artifact: [src/components/Article/ArticleActions.js]
[INFO] [react-redux-realworld-example-app] Successfully tracked code profile mapping dictionary entry for artifact path: [src/components/Article/ArticleActions.js]
[INFO] [react-redux-realworld-example-app] Extracting cached content payload context for artifact: [src/components/ArticleList.js]
[INFO] [react-redux-realworld-example-app] Successfully tracked code profile mapping dictionary entry for artifact path: [src/components/ArticleList.js]
[INFO] [react-redux-realworld-example-app] Extracting cached content payload context for artifact: [src/reducers/articleList.js]
[INFO] [react-redux-realworld-example-app] Successfully tracked code profile mapping dictionary entry for artifact path: [src/reducers/articleList.js]
[INFO] [react-redux-realworld-example-app] Extracting cached content payload context for artifact: [src/reducers/auth.js]
[INFO] [react-redux-realworld-example-app] Successfully tracked code profile mapping dictionary entry for artifact path: [src/reducers/auth.js]
[INFO] [react-redux-realworld-example-app] Extracting cached content payload context for artifact: [src/reducer.js]
[INFO] [react-redux-realworld-example-app] Successfully tracked code profile mapping dictionary entry for artifact path: [src/reducer.js]
[INFO] [react-redux-realworld-example-app] Extracting cached content payload context for artifact: [src/components/Home/Tags.js]
[INFO] [react-redux-realworld-example-app] Successfully tracked code profile mapping dictionary entry for artifact path: [src/components/Home/Tags.js]
[INFO] [react-redux-realworld-example-app] Extracting cached content payload context for artifact: [src/components/Settings.js]
[INFO] [react-redux-realworld-example-app] Successfully tracked code profile mapping dictionary entry for artifact path: [src/components/Settings.js]
[INFO] [react-redux-realworld-example-app] Extracting cached content payload context for artifact: [src/components/Login.js]
[INFO] [react-redux-realworld-example-app] Successfully tracked code profile mapping dictionary entry for artifact path: [src/components/Login.js]
[INFO] [react-redux-realworld-example-app] Extracting cached content payload context for artifact: [src/components/ListPagination.js]
[INFO] [react-redux-realworld-example-app] Successfully tracked code profile mapping dictionary entry for artifact path: [src/components/ListPagination.js]
[INFO] [react-redux-realworld-example-app] Extracting cached content payload context for artifact: [src/reducers/article.js]
[INFO] [react-redux-realworld-example-app] Successfully tracked code profile mapping dictionary entry for artifact path: [src/reducers/article.js]
[INFO] [react-redux-realworld-example-app] Extracting cached content payload context for artifact: [src/components/Register.js]
[INFO] [react-redux-realworld-example-app] Successfully tracked code profile mapping dictionary entry for artifact path: [src/components/Register.js]
[INFO] [react-redux-realworld-example-app] Extracting cached content payload context for artifact: [../constants/actionTypes]
[ERROR] [react-redux-realworld-example-app] Failed to acquire local content stream for asset reference [../constants/actionTypes]: File not found in zip.
[INFO] [react-redux-realworld-example-app] Extracting cached content payload context for artifact: [src/agent.js]
[INFO] [react-redux-realworld-example-app] Successfully tracked code profile mapping dictionary entry for artifact path: [src/agent.js]
[INFO] [react-redux-realworld-example-app] Extracting cached content payload context for artifact: [../agent]
[ERROR] [react-redux-realworld-example-app] Failed to acquire local content stream for asset reference [../agent]: File not found in zip.
[INFO] [react-redux-realworld-example-app] Extracting cached content payload context for artifact: [src/components/ListErrors.js]
[INFO] [react-redux-realworld-example-app] Successfully tracked code profile mapping dictionary entry for artifact path: [src/components/ListErrors.js]
[INFO] [react-redux-realworld-example-app] Extracting cached content payload context for artifact: [./ListErrors]
[ERROR] [react-redux-realworld-example-app] Failed to acquire local content stream for asset reference [./ListErrors]: File not found in zip.
[INFO] [react-redux-realworld-example-app] Extracting cached content payload context for artifact: [src/components/Home/Banner.js]
[INFO] [react-redux-realworld-example-app] Successfully tracked code profile mapping dictionary entry for artifact path: [src/components/Home/Banner.js]
[INFO] [react-redux-realworld-example-app] Extracting cached content payload context for artifact: [./ArticleMeta]
[ERROR] [react-redux-realworld-example-app] Failed to acquire local content stream for asset reference [./ArticleMeta]: File not found in zip.
[INFO] [react-redux-realworld-example-app] Extracting cached content payload context for artifact: [src/components/Article/CommentContainer.js]
[INFO] [react-redux-realworld-example-app] Successfully tracked code profile mapping dictionary entry for artifact path: [src/components/Article/CommentContainer.js]
[INFO] [react-redux-realworld-example-app] Extracting cached content payload context for artifact: [../../agent]
[ERROR] [react-redux-realworld-example-app] Failed to acquire local content stream for asset reference [../../agent]: File not found in zip.
[INFO] [react-redux-realworld-example-app] Extracting cached content payload context for artifact: [src/components/Article/Comment.js]
[INFO] [react-redux-realworld-example-app] Successfully tracked code profile mapping dictionary entry for artifact path: [src/components/Article/Comment.js]
[INFO] [react-redux-realworld-example-app] Extracting cached content payload context for artifact: [../../constants/actionTypes]
[ERROR] [react-redux-realworld-example-app] Failed to acquire local content stream for asset reference [../../constants/actionTypes]: File not found in zip.
[INFO] [react-redux-realworld-example-app] Extracting cached content payload context for artifact: [./CommentContainer]
[ERROR] [react-redux-realworld-example-app] Failed to acquire local content stream for asset reference [./CommentContainer]: File not found in zip.
[INFO] [react-redux-realworld-example-app] Extracting cached content payload context for artifact: [./ArticleActions]
[ERROR] [react-redux-realworld-example-app] Failed to acquire local content stream for asset reference [./ArticleActions]: File not found in zip.
[INFO] [react-redux-realworld-example-app] Extracting cached content payload context for artifact: [../ArticleList]
[ERROR] [react-redux-realworld-example-app] Failed to acquire local content stream for asset reference [../ArticleList]: File not found in zip.
[INFO] [react-redux-realworld-example-app] Extracting cached content payload context for artifact: [./MainView]
[ERROR] [react-redux-realworld-example-app] Failed to acquire local content stream for asset reference [./MainView]: File not found in zip.
[INFO] [react-redux-realworld-example-app] Extracting cached content payload context for artifact: [./Banner]
[ERROR] [react-redux-realworld-example-app] Failed to acquire local content stream for asset reference [./Banner]: File not found in zip.
[INFO] [react-redux-realworld-example-app] Extracting cached content payload context for artifact: [./Tags]
[ERROR] [react-redux-realworld-example-app] Failed to acquire local content stream for asset reference [./Tags]: File not found in zip.
[INFO] [react-redux-realworld-example-app] Extracting cached content payload context for artifact: [./ArticleList]
[ERROR] [react-redux-realworld-example-app] Failed to acquire local content stream for asset reference [./ArticleList]: File not found in zip.
[INFO] [react-redux-realworld-example-app] Extracting cached content payload context for artifact: [src/reducers/profile.js]
[INFO] [react-redux-realworld-example-app] Successfully tracked code profile mapping dictionary entry for artifact path: [src/reducers/profile.js]
[INFO] [react-redux-realworld-example-app] Extracting cached content payload context for artifact: [./Profile]
[ERROR] [react-redux-realworld-example-app] Failed to acquire local content stream for asset reference [./Profile]: File not found in zip.
[INFO] [react-redux-realworld-example-app] Extracting cached content payload context for artifact: [./ListPagination]
[ERROR] [react-redux-realworld-example-app] Failed to acquire local content stream for asset reference [./ListPagination]: File not found in zip.
[INFO] [react-redux-realworld-example-app] Extracting cached content payload context for artifact: [./ArticlePreview]
[ERROR] [react-redux-realworld-example-app] Failed to acquire local content stream for asset reference [./ArticlePreview]: File not found in zip.
[INFO] [react-redux-realworld-example-app] Extracting cached content payload context for artifact: [./reducers/editor]
[ERROR] [react-redux-realworld-example-app] Failed to acquire local content stream for asset reference [./reducers/editor]: File not found in zip.
[INFO] [react-redux-realworld-example-app] Extracting cached content payload context for artifact: [./reducers/profile]
[ERROR] [react-redux-realworld-example-app] Failed to acquire local content stream for asset reference [./reducers/profile]: File not found in zip.
[INFO] [react-redux-realworld-example-app] Extracting cached content payload context for artifact: [./reducers/auth]
[ERROR] [react-redux-realworld-example-app] Failed to acquire local content stream for asset reference [./reducers/auth]: File not found in zip.
[INFO] [react-redux-realworld-example-app] Extracting cached content payload context for artifact: [./reducers/settings]
[ERROR] [react-redux-realworld-example-app] Failed to acquire local content stream for asset reference [./reducers/settings]: File not found in zip.
[INFO] [react-redux-realworld-example-app] Extracting cached content payload context for artifact: [./reducers/articleList]
[ERROR] [react-redux-realworld-example-app] Failed to acquire local content stream for asset reference [./reducers/articleList]: File not found in zip.
[INFO] [react-redux-realworld-example-app] Extracting cached content payload context for artifact: [./reducers/home]
[ERROR] [react-redux-realworld-example-app] Failed to acquire local content stream for asset reference [./reducers/home]: File not found in zip.
[INFO] [react-redux-realworld-example-app] Extracting cached content payload context for artifact: [./reducers/article]
[ERROR] [react-redux-realworld-example-app] Failed to acquire local content stream for asset reference [./reducers/article]: File not found in zip.
[INFO] [react-redux-realworld-example-app] Extracting cached content payload context for artifact: [./reducers/common]
[ERROR] [react-redux-realworld-example-app] Failed to acquire local content stream for asset reference [./reducers/common]: File not found in zip.
[INFO] Successfully populated 29 objects into tracking matrix structure for repository 'react-redux-realworld-example-app'.
[INFO] Pacing boundaries active. Pausing operations for 20s to safeguard API Gateway pool context limits...
[INFO] --- [PHASE 2] Processing Repository: node-express-realworld-example-app (Branch: master) ---
[INFO] Phase 2 - Step 1 [node-express-realworld-example-app]: Sending request to AAVA Search Endpoint (Attempt 1/3)...
[INFO] [node-express-realworld-example-app] Successfully retrieved structural payload with 34 records from search.
[INFO] Phase 2 - Step 2 [node-express-realworld-example-app]: Evaluating structural records against similarity boundaries (>= 0.01)...
[INFO] [node-express-realworld-example-app] Accepted path [Similarity: 10.0299]: src/app/routes/article/article.service.ts
[INFO] [node-express-realworld-example-app] Accepted path [Similarity: 10.0145]: e2e/src/support/global-setup.ts
[INFO] [node-express-realworld-example-app] Accepted path [Similarity: 9.9982]: src/prisma/seed.ts
[INFO] [node-express-realworld-example-app] Accepted path [Similarity: 9.9796]: src/prisma/migrations/20211001143221_implicit_tags/migration.sql
[INFO] [node-express-realworld-example-app] Accepted path [Similarity: 0.0303]: src/app/routes/article/article.controller.ts
[INFO] [node-express-realworld-example-app] Accepted path [Similarity: 0.0287]: src/tests/services/article.service.test.ts
[INFO] [node-express-realworld-example-app] Accepted path [Similarity: 0.0251]: src/prisma/migrations/20210924225358_initial/migration.sql
[INFO] [node-express-realworld-example-app] Accepted path [Similarity: 0.0244]: src/app/routes/routes.ts
[INFO] [node-express-realworld-example-app] Accepted path [Similarity: 0.0243]: Dockerfile
[INFO] [node-express-realworld-example-app] Accepted path [Similarity: 0.0237]: jest.config.ts
[INFO] [node-express-realworld-example-app] Accepted path [Similarity: 0.0232]: src/app/routes/auth/user.model.ts
[INFO] [node-express-realworld-example-app] Accepted path [Similarity: 0.0223]: src/app/routes/article/article.mapper.ts
[INFO] [node-express-realworld-example-app] Accepted path [Similarity: 0.0223]: e2e/jest.config.ts
[INFO] [node-express-realworld-example-app] Accepted path [Similarity: 0.0222]: src/app/routes/tag/tag.service.ts
[INFO] [node-express-realworld-example-app] Accepted path [Similarity: 0.0219]: src/prisma/migrations/20211105153605_api_url/migration.sql
[INFO] [node-express-realworld-example-app] Extracted 15 completely unique candidate filepath locations.
[INFO] Phase 2 - Step 3 [node-express-realworld-example-app]: Filtering paths matching targeting extension whitelist...
[INFO] [node-express-realworld-example-app] Retained path allocation target matching runtime criteria: [src/app/routes/article/article.service.ts]
[INFO] [node-express-realworld-example-app] Retained path allocation target matching runtime criteria: [e2e/src/support/global-setup.ts]
[INFO] [node-express-realworld-example-app] Retained path allocation target matching runtime criteria: [src/prisma/seed.ts]
[INFO] [node-express-realworld-example-app] Retained path allocation target matching runtime criteria: [src/prisma/migrations/20211001143221_implicit_tags/migration.sql]
[INFO] [node-express-realworld-example-app] Retained path allocation target matching runtime criteria: [src/app/routes/article/article.controller.ts]
[INFO] [node-express-realworld-example-app] Retained path allocation target matching runtime criteria: [src/tests/services/article.service.test.ts]
[INFO] [node-express-realworld-example-app] Retained path allocation target matching runtime criteria: [src/prisma/migrations/20210924225358_initial/migration.sql]
[INFO] [node-express-realworld-example-app] Retained path allocation target matching runtime criteria: [src/app/routes/routes.ts]
[INFO] [node-express-realworld-example-app] Retained path allocation target matching runtime criteria: [jest.config.ts]
[INFO] [node-express-realworld-example-app] Retained path allocation target matching runtime criteria: [src/app/routes/auth/user.model.ts]
[INFO] [node-express-realworld-example-app] Retained path allocation target matching runtime criteria: [src/app/routes/article/article.mapper.ts]
[INFO] [node-express-realworld-example-app] Retained path allocation target matching runtime criteria: [e2e/jest.config.ts]
[INFO] [node-express-realworld-example-app] Retained path allocation target matching runtime criteria: [src/app/routes/tag/tag.service.ts]
[INFO] [node-express-realworld-example-app] Retained path allocation target matching runtime criteria: [src/prisma/migrations/20211105153605_api_url/migration.sql]
[INFO] Phase 2 - Step 3 Completed [node-express-realworld-example-app]: Consolidated 14 paths for source code payload downstream consumption.
[INFO] --- Phase 2 - Step 4 [Expansion]: Looking up dependencies for 'node-express-realworld-example-app' ---
[INFO] [node-express-realworld-example-app] Expanding [src/app/routes/article/article.service.ts] with 19 intra-repo dependencies.
[INFO] [node-express-realworld-example-app] Expanding [src/prisma/seed.ts] with 13 intra-repo dependencies.
[INFO] [node-express-realworld-example-app] Expanding [src/prisma/migrations/20211001143221_implicit_tags/migration.sql] with 5 intra-repo dependencies.
[INFO] [node-express-realworld-example-app] Expanding [src/app/routes/article/article.controller.ts] with 8 intra-repo dependencies.
[INFO] [node-express-realworld-example-app] Expanding [src/tests/services/article.service.test.ts] with 11 intra-repo dependencies.
[INFO] [node-express-realworld-example-app] Expanding [src/prisma/migrations/20210924225358_initial/migration.sql] with 7 intra-repo dependencies.
[INFO] [node-express-realworld-example-app] Expanding [src/app/routes/routes.ts] with 15 intra-repo dependencies.
[INFO] [node-express-realworld-example-app] Expanding [jest.config.ts] with 3 intra-repo dependencies.
[INFO] [node-express-realworld-example-app] Expanding [src/app/routes/auth/user.model.ts] with 8 intra-repo dependencies.
[INFO] [node-express-realworld-example-app] Expanding [src/app/routes/article/article.mapper.ts] with 6 intra-repo dependencies.
[INFO] [node-express-realworld-example-app] Expanding [e2e/jest.config.ts] with 6 intra-repo dependencies.
[INFO] [node-express-realworld-example-app] Expanding [src/app/routes/tag/tag.service.ts] with 9 intra-repo dependencies.
[INFO] [node-express-realworld-example-app] Final expanded file count to fetch: 55 (Original Search matches: 14)
[INFO] Phase 2 - Step 5 [node-express-realworld-example-app]: Beginning local extraction of source file content payloads from memory zip cache...
[INFO] [node-express-realworld-example-app] Extracting cached content payload context for artifact: [src/app/routes/article/article.service.ts]
[INFO] [node-express-realworld-example-app] Successfully tracked code profile mapping dictionary entry for artifact path: [src/app/routes/article/article.service.ts]
[INFO] [node-express-realworld-example-app] Extracting cached content payload context for artifact: [e2e/src/support/global-setup.ts]
[INFO] [node-express-realworld-example-app] Successfully tracked code profile mapping dictionary entry for artifact path: [e2e/src/support/global-setup.ts]
[INFO] [node-express-realworld-example-app] Extracting cached content payload context for artifact: [src/prisma/seed.ts]
[INFO] [node-express-realworld-example-app] Successfully tracked code profile mapping dictionary entry for artifact path: [src/prisma/seed.ts]
[INFO] [node-express-realworld-example-app] Extracting cached content payload context for artifact: [src/prisma/migrations/20211001143221_implicit_tags/migration.sql]
[INFO] [node-express-realworld-example-app] Successfully tracked code profile mapping dictionary entry for artifact path: [src/prisma/migrations/20211001143221_implicit_tags/migration.sql]
[INFO] [node-express-realworld-example-app] Extracting cached content payload context for artifact: [src/app/routes/article/article.controller.ts]
[INFO] [node-express-realworld-example-app] Successfully tracked code profile mapping dictionary entry for artifact path: [src/app/routes/article/article.controller.ts]
[INFO] [node-express-realworld-example-app] Extracting cached content payload context for artifact: [src/tests/services/article.service.test.ts]
[INFO] [node-express-realworld-example-app] Successfully tracked code profile mapping dictionary entry for artifact path: [src/tests/services/article.service.test.ts]
[INFO] [node-express-realworld-example-app] Extracting cached content payload context for artifact: [src/prisma/migrations/20210924225358_initial/migration.sql]
[INFO] [node-express-realworld-example-app] Successfully tracked code profile mapping dictionary entry for artifact path: [src/prisma/migrations/20210924225358_initial/migration.sql]
[INFO] [node-express-realworld-example-app] Extracting cached content payload context for artifact: [src/app/routes/routes.ts]
[INFO] [node-express-realworld-example-app] Successfully tracked code profile mapping dictionary entry for artifact path: [src/app/routes/routes.ts]
[INFO] [node-express-realworld-example-app] Extracting cached content payload context for artifact: [jest.config.ts]
[INFO] [node-express-realworld-example-app] Successfully tracked code profile mapping dictionary entry for artifact path: [jest.config.ts]
[INFO] [node-express-realworld-example-app] Extracting cached content payload context for artifact: [src/app/routes/auth/user.model.ts]
[INFO] [node-express-realworld-example-app] Successfully tracked code profile mapping dictionary entry for artifact path: [src/app/routes/auth/user.model.ts]
[INFO] [node-express-realworld-example-app] Extracting cached content payload context for artifact: [src/app/routes/article/article.mapper.ts]
[INFO] [node-express-realworld-example-app] Successfully tracked code profile mapping dictionary entry for artifact path: [src/app/routes/article/article.mapper.ts]
[INFO] [node-express-realworld-example-app] Extracting cached content payload context for artifact: [e2e/jest.config.ts]
[INFO] [node-express-realworld-example-app] Successfully tracked code profile mapping dictionary entry for artifact path: [e2e/jest.config.ts]
[INFO] [node-express-realworld-example-app] Extracting cached content payload context for artifact: [src/app/routes/tag/tag.service.ts]
[INFO] [node-express-realworld-example-app] Successfully tracked code profile mapping dictionary entry for artifact path: [src/app/routes/tag/tag.service.ts]
[INFO] [node-express-realworld-example-app] Extracting cached content payload context for artifact: [src/prisma/migrations/20211105153605_api_url/migration.sql]
[INFO] [node-express-realworld-example-app] Successfully tracked code profile mapping dictionary entry for artifact path: [src/prisma/migrations/20211105153605_api_url/migration.sql]
[INFO] [node-express-realworld-example-app] Extracting cached content payload context for artifact: [src/app/routes/profile/profile.controller.ts]
[INFO] [node-express-realworld-example-app] Successfully tracked code profile mapping dictionary entry for artifact path: [src/app/routes/profile/profile.controller.ts]
[INFO] [node-express-realworld-example-app] Extracting cached content payload context for artifact: [src/app/routes/article/article.model.ts]
[INFO] [node-express-realworld-example-app] Successfully tracked code profile mapping dictionary entry for artifact path: [src/app/routes/article/article.model.ts]
[INFO] [node-express-realworld-example-app] Extracting cached content payload context for artifact: [../profile/profile.utils]
[ERROR] [node-express-realworld-example-app] Failed to acquire local content stream for asset reference [../profile/profile.utils]: File not found in zip.
[INFO] [node-express-realworld-example-app] Extracting cached content payload context for artifact: [../../models/http-exception.model]
[ERROR] [node-express-realworld-example-app] Failed to acquire local content stream for asset reference [../../models/http-exception.model]: File not found in zip.
[INFO] [node-express-realworld-example-app] Extracting cached content payload context for artifact: [src/app/models/http-exception.model.ts]
[INFO] [node-express-realworld-example-app] Successfully tracked code profile mapping dictionary entry for artifact path: [src/app/models/http-exception.model.ts]
[INFO] [node-express-realworld-example-app] Extracting cached content payload context for artifact: [src/tests/services/profile.service.test.ts]
[INFO] [node-express-realworld-example-app] Successfully tracked code profile mapping dictionary entry for artifact path: [src/tests/services/profile.service.test.ts]
[INFO] [node-express-realworld-example-app] Extracting cached content payload context for artifact: [src/app/routes/profile/profile.utils.ts]
[INFO] [node-express-realworld-example-app] Successfully tracked code profile mapping dictionary entry for artifact path: [src/app/routes/profile/profile.utils.ts]
[INFO] [node-express-realworld-example-app] Extracting cached content payload context for artifact: [src/app/routes/profile/profile.service.ts]
[INFO] [node-express-realworld-example-app] Successfully tracked code profile mapping dictionary entry for artifact path: [src/app/routes/profile/profile.service.ts]
[INFO] [node-express-realworld-example-app] Extracting cached content payload context for artifact: [../../../prisma/prisma-client]
[ERROR] [node-express-realworld-example-app] Failed to acquire local content stream for asset reference [../../../prisma/prisma-client]: File not found in zip.
[INFO] [node-express-realworld-example-app] Extracting cached content payload context for artifact: [./article.mapper]
[ERROR] [node-express-realworld-example-app] Failed to acquire local content stream for asset reference [./article.mapper]: File not found in zip.
[INFO] [node-express-realworld-example-app] Extracting cached content payload context for artifact: [src/app/routes/article/comment.model.ts]
[INFO] [node-express-realworld-example-app] Successfully tracked code profile mapping dictionary entry for artifact path: [src/app/routes/article/comment.model.ts]
[INFO] [node-express-realworld-example-app] Extracting cached content payload context for artifact: [src/app/routes/article/author.mapper.ts]
[INFO] [node-express-realworld-example-app] Successfully tracked code profile mapping dictionary entry for artifact path: [src/app/routes/article/author.mapper.ts]
[INFO] [node-express-realworld-example-app] Extracting cached content payload context for artifact: [src/app/routes/profile/profile.model.ts]
[INFO] [node-express-realworld-example-app] Successfully tracked code profile mapping dictionary entry for artifact path: [src/app/routes/profile/profile.model.ts]
[INFO] [node-express-realworld-example-app] Extracting cached content payload context for artifact: [src/tests/utils/profile.utils.test.ts]
[INFO] [node-express-realworld-example-app] Successfully tracked code profile mapping dictionary entry for artifact path: [src/tests/utils/profile.utils.test.ts]
[INFO] [node-express-realworld-example-app] Extracting cached content payload context for artifact: [../tag/tag.model]
[ERROR] [node-express-realworld-example-app] Failed to acquire local content stream for asset reference [../tag/tag.model]: File not found in zip.
[INFO] [node-express-realworld-example-app] Extracting cached content payload context for artifact: [src/prisma/prisma-client.ts]
[INFO] [node-express-realworld-example-app] Successfully tracked code profile mapping dictionary entry for artifact path: [src/prisma/prisma-client.ts]
[INFO] [node-express-realworld-example-app] Extracting cached content payload context for artifact: [../app/routes/article/article.service]
[ERROR] [node-express-realworld-example-app] Failed to acquire local content stream for asset reference [../app/routes/article/article.service]: File not found in zip.
[INFO] [node-express-realworld-example-app] Extracting cached content payload context for artifact: [@prisma/client]
[ERROR] [node-express-realworld-example-app] Failed to acquire local content stream for asset reference [@prisma/client]: File not found in zip.
[INFO] [node-express-realworld-example-app] Extracting cached content payload context for artifact: [src/app/routes/auth/registered-user.model.ts]
[INFO] [node-express-realworld-example-app] Successfully tracked code profile mapping dictionary entry for artifact path: [src/app/routes/auth/registered-user.model.ts]
[INFO] [node-express-realworld-example-app] Extracting cached content payload context for artifact: [../app/routes/auth/registered-user.model]
[ERROR] [node-express-realworld-example-app] Failed to acquire local content stream for asset reference [../app/routes/auth/registered-user.model]: File not found in zip.
[INFO] [node-express-realworld-example-app] Extracting cached content payload context for artifact: [@ngneat/falso]
[ERROR] [node-express-realworld-example-app] Failed to acquire local content stream for asset reference [@ngneat/falso]: File not found in zip.
[INFO] [node-express-realworld-example-app] Extracting cached content payload context for artifact: [../app/routes/auth/auth.service]
[ERROR] [node-express-realworld-example-app] Failed to acquire local content stream for asset reference [../app/routes/auth/auth.service]: File not found in zip.
[INFO] [node-express-realworld-example-app] Extracting cached content payload context for artifact: [./article.service]
[ERROR] [node-express-realworld-example-app] Failed to acquire local content stream for asset reference [./article.service]: File not found in zip.
[INFO] [node-express-realworld-example-app] Extracting cached content payload context for artifact: [../auth/auth]
[ERROR] [node-express-realworld-example-app] Failed to acquire local content stream for asset reference [../auth/auth]: File not found in zip.
[INFO] [node-express-realworld-example-app] Extracting cached content payload context for artifact: [src/app/routes/auth/token.utils.ts]
[INFO] [node-express-realworld-example-app] Successfully tracked code profile mapping dictionary entry for artifact path: [src/app/routes/auth/token.utils.ts]
[INFO] [node-express-realworld-example-app] Extracting cached content payload context for artifact: [src/tests/prisma-mock.ts]
[INFO] [node-express-realworld-example-app] Successfully tracked code profile mapping dictionary entry for artifact path: [src/tests/prisma-mock.ts]
[INFO] [node-express-realworld-example-app] Extracting cached content payload context for artifact: [../prisma-mock]
[ERROR] [node-express-realworld-example-app] Failed to acquire local content stream for asset reference [../prisma-mock]: File not found in zip.
[INFO] [node-express-realworld-example-app] Extracting cached content payload context for artifact: [../../app/routes/article/article.service]
[ERROR] [node-express-realworld-example-app] Failed to acquire local content stream for asset reference [../../app/routes/article/article.service]: File not found in zip.
[INFO] [node-express-realworld-example-app] Extracting cached content payload context for artifact: [./auth/auth.controller]
[ERROR] [node-express-realworld-example-app] Failed to acquire local content stream for asset reference [./auth/auth.controller]: File not found in zip.
[INFO] [node-express-realworld-example-app] Extracting cached content payload context for artifact: [./tag/tag.controller]
[ERROR] [node-express-realworld-example-app] Failed to acquire local content stream for asset reference [./tag/tag.controller]: File not found in zip.
[INFO] [node-express-realworld-example-app] Extracting cached content payload context for artifact: [./profile/profile.controller]
[ERROR] [node-express-realworld-example-app] Failed to acquire local content stream for asset reference [./profile/profile.controller]: File not found in zip.
[INFO] [node-express-realworld-example-app] Extracting cached content payload context for artifact: [./article/article.controller]
[ERROR] [node-express-realworld-example-app] Failed to acquire local content stream for asset reference [./article/article.controller]: File not found in zip.
[INFO] [node-express-realworld-example-app] Extracting cached content payload context for artifact: [e2e/tsconfig.spec.json]
[INFO] [node-express-realworld-example-app] Successfully tracked code profile mapping dictionary entry for artifact path: [e2e/tsconfig.spec.json]
[INFO] [node-express-realworld-example-app] Extracting cached content payload context for artifact: [.vscode/extensions.json]
[INFO] [node-express-realworld-example-app] Successfully tracked code profile mapping dictionary entry for artifact path: [.vscode/extensions.json]
[INFO] [node-express-realworld-example-app] Extracting cached content payload context for artifact: [e2e/tsconfig.json]
[INFO] [node-express-realworld-example-app] Successfully tracked code profile mapping dictionary entry for artifact path: [e2e/tsconfig.json]
[INFO] [node-express-realworld-example-app] Extracting cached content payload context for artifact: [../article/article.model]
[ERROR] [node-express-realworld-example-app] Failed to acquire local content stream for asset reference [../article/article.model]: File not found in zip.
[INFO] [node-express-realworld-example-app] Extracting cached content payload context for artifact: [../article/comment.model]
[ERROR] [node-express-realworld-example-app] Failed to acquire local content stream for asset reference [../article/comment.model]: File not found in zip.
[INFO] [node-express-realworld-example-app] Extracting cached content payload context for artifact: [./author.mapper]
[ERROR] [node-express-realworld-example-app] Failed to acquire local content stream for asset reference [./author.mapper]: File not found in zip.
[INFO] [node-express-realworld-example-app] Extracting cached content payload context for artifact: [e2e/src/support/test-setup.ts]
[INFO] [node-express-realworld-example-app] Successfully tracked code profile mapping dictionary entry for artifact path: [e2e/src/support/test-setup.ts]
[INFO] [node-express-realworld-example-app] Extracting cached content payload context for artifact: [e2e/src/support/global-teardown.ts]
[INFO] [node-express-realworld-example-app] Successfully tracked code profile mapping dictionary entry for artifact path: [e2e/src/support/global-teardown.ts]
[INFO] [node-express-realworld-example-app] Extracting cached content payload context for artifact: [./tag.model]
[ERROR] [node-express-realworld-example-app] Failed to acquire local content stream for asset reference [./tag.model]: File not found in zip.
[INFO] Successfully populated 33 objects into tracking matrix structure for repository 'node-express-realworld-example-app'.
[INFO] 
================ PHASE 3: HIGH LEVEL RCA AGENT (PHASE-3) FILTERING ================
[INFO] --- Starting Chunking Process for Phase-3 Agent ---
[INFO] Chunking complete. Created 1 independent code payload chunks.
[INFO] [Phase-3 Thread 1] Zipping payload and triggering Workflow 18914 (Max 4 Iterations)...
[INFO] [Phase-3 Thread 1] --- Starting Iteration 1 ---
[INFO] [Phase-3 Thread 1] Triggered successfully! Execution ID: 075baccb-72c6-4edf-a975-5ae0ba553f51. Starting poll...
[INFO] [Phase-3 Thread 1] Workflow SUCCESS! Parsing JSON output...
[INFO] [Phase-3 Thread 1] Iteration 1 parsed. Review Score: 65. Impacted files Count: 9
[INFO] [Phase-3 Thread 1] --- Starting Iteration 2 ---
[INFO] [Phase-3 Thread 1] Triggered successfully! Execution ID: e9d563fc-2d9f-4801-82ec-0ab1209cafd7. Starting poll...
[INFO] [Phase-3 Thread 1] Workflow SUCCESS! Parsing JSON output...
[INFO] [Phase-3 Thread 1] Iteration 2 parsed. Review Score: 92. Impacted files Count: 15
[INFO] [Phase-3 Thread 1] More than 90% compliance reached on iteration 2. Exiting loop.
[INFO] [Phase-3] Thread 1 completed. Extracted 15 surviving paths with scores.
[INFO] Phase-3 Complete! Total completely unique surviving paths across all chunks: 15
[INFO] ================ APPLYING BM25 RANKING (Top 50, Trim: False) ================
[INFO] BM25 query: Authors want to save their articles as drafts before publishing them publicly

Implement a Draft feature for articles. Users should be able to save articles as drafts without publishing them.

The API needs a new database field to support this state, and the frontend needs a 'Save as Draft' button on the editor page.
[INFO] [react-redux-realworld-example-app] Preparing 8 files for BM25 scoring.
[INFO] [node-express-realworld-example-app] Preparing 5 files for BM25 scoring.
[INFO] BM25 corpus size: 13
[INFO] BM25 query tokens: ['authors', 'want', 'to', 'save', 'their', 'articles', 'as', 'drafts', 'before', 'publishing', 'them', 'publicly', 'implement', 'a', 'draft', 'feature', 'for', 'articles', 'users', 'should', 'be', 'able', 'to', 'save', 'articles', 'as', 'drafts', 'without', 'publishing', 'them', 'the', 'api', 'needs', 'a', 'new', 'database', 'field', 'to', 'support', 'this', 'state', 'and', 'the', 'frontend', 'needs', 'a', 'save', 'as', 'draft', 'button', 'on', 'the', 'editor', 'page']
[INFO] BM25 average document length: 315.15
[INFO] [BM25] Score: 21.9052 | Repo: node-express-realworld-example-app | File: src/app/routes/article/article.controller.ts
[INFO] [BM25] Relevance Score: 93.0 | Repo: node-express-realworld-example-app | File: src/app/routes/article/article.controller.ts
[INFO] [BM25] Score: 20.3818 | Repo: react-redux-realworld-example-app | File: src/components/Profile.js
[INFO] [BM25] Relevance Score: 86.0 | Repo: react-redux-realworld-example-app | File: src/components/Profile.js
[INFO] [BM25] Score: 19.5118 | Repo: node-express-realworld-example-app | File: src/tests/services/article.service.test.ts
[INFO] [BM25] Relevance Score: 82.0 | Repo: node-express-realworld-example-app | File: src/tests/services/article.service.test.ts
[INFO] [BM25] Score: 18.0813 | Repo: react-redux-realworld-example-app | File: src/agent.js
[INFO] [BM25] Relevance Score: 88.0 | Repo: react-redux-realworld-example-app | File: src/agent.js
[INFO] [BM25] Score: 14.0893 | Repo: node-express-realworld-example-app | File: src/app/routes/article/article.service.ts
[INFO] [BM25] Relevance Score: 100.0 | Repo: node-express-realworld-example-app | File: src/app/routes/article/article.service.ts
[INFO] [BM25] Score: 13.1053 | Repo: react-redux-realworld-example-app | File: src/components/Editor.js
[INFO] [BM25] Relevance Score: 100.0 | Repo: react-redux-realworld-example-app | File: src/components/Editor.js
[INFO] [BM25] Score: 10.9985 | Repo: react-redux-realworld-example-app | File: src/components/ArticlePreview.js
[INFO] [BM25] Relevance Score: 80.0 | Repo: react-redux-realworld-example-app | File: src/components/ArticlePreview.js
[INFO] [BM25] Score: 7.8101 | Repo: react-redux-realworld-example-app | File: src/components/Article/index.js
[INFO] [BM25] Relevance Score: 90.0 | Repo: react-redux-realworld-example-app | File: src/components/Article/index.js
[INFO] [BM25] Score: 4.5510 | Repo: react-redux-realworld-example-app | File: src/reducers/editor.js
[INFO] [BM25] Relevance Score: 92.0 | Repo: react-redux-realworld-example-app | File: src/reducers/editor.js
[INFO] [BM25] Score: 3.2318 | Repo: react-redux-realworld-example-app | File: src/components/ArticleList.js
[INFO] [BM25] Relevance Score: 78.0 | Repo: react-redux-realworld-example-app | File: src/components/ArticleList.js
[INFO] [BM25] Score: 2.1540 | Repo: react-redux-realworld-example-app | File: src/reducers/common.js
[INFO] [BM25] Relevance Score: 85.0 | Repo: react-redux-realworld-example-app | File: src/reducers/common.js
[INFO] [BM25] Retained zero-score file due to high LLM relevance (89.0 >= 80): repo=node-express-realworld-example-app path=src/app/routes/article/article.mapper.ts
[INFO] [BM25] Score: 0.0001 | Repo: node-express-realworld-example-app | File: src/app/routes/article/article.mapper.ts
[INFO] [BM25] Relevance Score: 89.0 | Repo: node-express-realworld-example-app | File: src/app/routes/article/article.mapper.ts
[INFO] [BM25] Retained zero-score file due to high LLM relevance (84.0 >= 80): repo=node-express-realworld-example-app path=src/app/routes/article/article.model.ts
[INFO] [BM25] Score: 0.0001 | Repo: node-express-realworld-example-app | File: src/app/routes/article/article.model.ts
[INFO] [BM25] Relevance Score: 84.0 | Repo: node-express-realworld-example-app | File: src/app/routes/article/article.model.ts
[INFO] BM25 Ranking complete. Retained top 13 files out of 13.
[INFO] SUCCESS: Exported filtered impact components configuration (with BM25) to: C:\New folder\Delivery Infusion\HP\Java\rca\filtered_multi_repo_code_impact_code_bm25.json
[INFO] 
--- Phase 4: Triggering Deep Level RCA at 50000 tokens (Horizontal Iter: 0) ---
[INFO] ================ Phase 4, Step 1: Re Organization (Target: 50000 tokens) ================
[INFO] Phase 4 Complete. Selected 13 files out of 13 total available across 2 repositories.
[INFO] ================ Phase 4, Step 2: DEEP LEVEL WF CALL (Workflow: 18926) ================
[INFO] [Phase-4] Triggered successfully! Execution ID: 767653bf-90ae-4085-92da-134eb5ff6518. Starting poll...
[INFO] [Phase-4] Workflow SUCCESS! Parsing JSON output...
[WARNING] Review Score (60 <= 90) and MISSING FILE indicated. Expanding token knapsack (Vertical).
[INFO] Rubric Scorecard: RUBRIC SCORECARD:

[FC-01] Requirement Fulfillment (-25 points): FAIL - The Main Agent correctly identified that a database schema change is required (adding isDraft field to Article model), but the Prisma schema file (node-express-realworld-example-app/src/prisma/schema.prisma) was not modified. The requirement explicitly states 'The API needs a new database field to support this state.' Without the actual schema modification and migration, the feature cannot function. The code references article.isDraft in queries and mutations, but this field does not exist in the database model.

[FC-02] Syntax Correctness (0 points): PASS - All proposed code changes have valid TypeScript and JavaScript syntax. No syntax errors detected.

[OP-01] MODIFY Context (0 points): PASS - All existing_code snippets in MODIFY operations exactly match the original source files provided in the payload.

[OP-02] DEL Safety (0 points): N/A - No DELETE operations were proposed.

[OP-03] ADD Isolation (0 points): N/A - No ADD operations were proposed.

[CQ-01] Error Handling (0 points): PASS - The backend service layer already wraps database queries in try-catch blocks at the controller level. The new isDraft logic is integrated into existing error-handled flows.

[CQ-02] Logging Standards (0 points): PASS - The codebase does not use explicit logging for business logic. The proposed changes follow the existing pattern of relying on error propagation.

[CQ-03] Naming Conventions (0 points): PASS - All new variables (isDraft, visibilityQuery) follow camelCase convention consistent with the existing codebase.

[SE-01] No Hardcoded Secrets (0 points): PASS - No hardcoded passwords, API keys, or secrets were introduced.

[SE-02] Input Validation (0 points): PASS - The isDraft field is properly validated using Boolean() coercion and typeof checks before persistence.

TOTAL DEDUCTIONS: -25 points
FINAL RUBRIC SCORE: 75/100
[INFO] Review Feedback: CRITICAL MISSING FILE: The Prisma schema file (node-express-realworld-example-app/src/prisma/schema.prisma) is present in the repository tree but was not included in the code_changes. This file MUST be modified to add the 'isDraft' Boolean field to the Article model. Without this database schema change, all the service layer code referencing article.isDraft will fail at runtime because the field does not exist in the database.

REQUIRED CHANGES:
1. ADD MODIFY operation for node-express-realworld-example-app/src/prisma/schema.prisma to add 'isDraft Boolean @default(false)' field to the Article model.
2. A new Prisma migration file should be created to alter the database schema (e.g., src/prisma/migrations/YYYYMMDDHHMMSS_add_draft_support/migration.sql).

The backend service logic (article.service.ts), mapper (article.mapper.ts), and frontend components (Editor.js, reducers) are correctly implemented, but they depend on the database field existing. The feature is incomplete without the schema modification.
[WARNING] Reviewer specifically requested missing files: ['node-express-realworld-example-app/src/prisma/schema.prisma']
[INFO] Successfully injected missing file 'src/prisma/schema.prisma' into repo 'node-express-realworld-example-app' payload.
[INFO] 
--- Phase 4: Triggering Deep Level RCA at 500000 tokens (Horizontal Iter: 0) ---
[INFO] ================ Phase 4, Step 1: Re Organization (Target: 500000 tokens) ================
[INFO] Phase 4 Complete. Selected 13 files out of 13 total available across 2 repositories.
[INFO] ================ Phase 4, Step 2: DEEP LEVEL WF CALL (Workflow: 18926) ================
[INFO] [Phase-4] Triggered successfully! Execution ID: b453f9e2-d4d4-442a-ae26-e41b11d948bc. Starting poll...
[INFO] [Phase-4] Workflow SUCCESS! Parsing JSON output...
[INFO] SUCCESS: Review Score (100 > 90). Exiting loop.
[INFO] Rubric Scorecard: RUBRIC EVALUATION:

[FC] Functional Completeness:
  FC-01: Requirement Fulfillment (-0 points)
    ✓ PASS: The code correctly adds the isDraft Boolean field to the Prisma Article model with @default(false), ensuring all existing articles remain published. The migration SQL properly alters the Article table to add the isDraft column with NOT NULL DEFAULT false constraint. This resolves the critical missing database layer that was blocking the previously implemented service and frontend logic.
  
  FC-02: Syntax Correctness (-0 points)
    ✓ PASS: Prisma schema syntax is valid. The isDraft field is correctly positioned within the Article model with proper type annotation (Boolean) and decorator (@default(false)). The migration SQL syntax is correct for SQLite ALTER TABLE statement.

[OP] Operation Correctness:
  OP-01: MODIFY Context (-0 points)
    ✓ PASS: The existing_code for schema.prisma exactly matches the original Prisma schema file content from the repository. The modification correctly inserts the isDraft field in the appropriate location within the Article model.
  
  OP-02: DEL Safety (-0 points)
    ✓ N/A: No DELETE operations in this code change.
  
  OP-03: ADD Isolation (-0 points)
    ✓ PASS: The ADD operation for the migration file creates a new file in the correct migrations directory structure (node-express-realworld-example-app/src/prisma/migrations/20260702000000_add_draft_support/migration.sql) without breaking existing directory structure.

[CQ] Code Quality & Standards:
  CQ-01: Error Handling (-0 points)
    ✓ PASS: Database schema changes and migrations are declarative. Prisma handles migration execution errors. The default value ensures no null constraint violations.
  
  CQ-02: Logging Standards (-0 points)
    ✓ N/A: Schema and migration files are declarative; logging is not applicable.
  
  CQ-03: Naming Conventions (-0 points)
    ✓ PASS: Field name 'isDraft' follows camelCase convention consistent with other Prisma model fields (createdAt, updatedAt, authorId). Migration folder naming follows Prisma timestamp convention.

[SE] Security & Safety:
  SE-01: No Hardcoded Secrets (-0 points)
    ✓ PASS: No hardcoded secrets, passwords, or API keys present in the schema or migration files.
  
  SE-02: Input Validation (-0 points)
    ✓ PASS: The Boolean type with @default(false) ensures type safety. The NOT NULL DEFAULT false constraint in the migration prevents invalid null values and safely handles existing rows.

TOTAL DEDUCTIONS: 0 points
RUBRIC SCORE: 100/100
[INFO] Review Feedback: None
[INFO] Final Deep Level RCA Report exported to: C:\New folder\Delivery Infusion\HP\Java\rca\final_deep_rca_report.json
[INFO] ================ PHASE 5: AUTO-PATCHING & ARTIFACT UPLOAD ================
[INFO] --- Phase 5 - Step 1: Automated GitHub Patching ---
[INFO] --- [Phase 5] Processing Repository: react-redux-realworld-example-app ---
